subreddit1,subreddit2,n_links
California,FreePolDiscussion,1
The_Donald,worldnews,2
CringeAnarchy,madlads,1
forwardsfromgrandma,news,1
StillSandersForPres,uncensorednews,1
SpezForPrison,news,1
MadeMeSmile,gifs,1
HillaryForPrison,Republican,1
Our_Politics,uncensorednews,1
The_Farage,business,1
news,politics,1
BikiniBottomTwitter,aww,1
GaryJohnson,sjwhate,1
HillaryMeltdown,TechNewsToday,1
Jokes,nfl,1
bidenbro,skyrim,1
politics,sports,1
WayOfTheBern,WikiLeaks,2
Conservative,weather,1
nottheonion,technology,1
gaming,gifs,2
Infowars,WayOfTheBern,1
Le_Pen,conspiracy,1
business,conspiracy,1
nasa,nottheonion,1
GreenParty,WhiteRights,1
Infowars,worldpolitics,1
The_Redacted,WayOfTheBern,1
Republican,The_Redacted,1
KotakuInAction,technology,1
FreePolDiscussion,The_Donald,2
DNCleaks,worldpolitics,1
madlads,metacanada,1
SRSsucks,The_Donald,1
HillaryMeltdown,the_frauke,1
FreePolDiscussion,HillaryMeltdown,2
altright,news,1
StillSandersForPres,WayOfTheBern,2
StarWars,dankmemes,1
Conservative,memes,1
Conservative,interestingasfuck,1
CringeAnarchy,SRSsucks,1
KotakuInAction,media_criticism,1
The_Donald,republicans,1
HailCorporate,copypasta,1
StillSandersForPres,worldpolitics,1
HillaryMeltdown,The_Farage,1
GaryJohnson,WhiteRights,1
WikiLeaks,altright,1
California,DNCleaks,1
TechNewsToday,uncensorednews,1
Eyebleach,steelers,1
TechNewsToday,nottheonion,1
KotakuInAction,weather,1
ScienceUncensored,The_Donald,1
HillaryForPrison,chicago,1
WhiteRights,worldpolitics,1
StillSandersForPres,interestingasfuck,1
Infowars,The_Farage,1
HillaryForPrison,conspiracy,3
EuropeanPeoples,altright,1
metacanada,news,1
uncensorednews,worldpolitics,2
jillstein,weather,1
The_Farage,The_Redacted,1
HillaryMeltdown,WhiteRights,1
Le_Pen,ukpolitics,2
Pennsylvania,Republican,1
HillaryMeltdown,StillSandersForPres,2
Conservative,WayOfTheBern,2
DNCleaks,business,1
ainbow,politics,1
StillSandersForPres,The_Redacted,1
DNCleaks,HillaryMeltdown,1
GaryJohnson,weather,1
The_Donald,spezgate,2
The_Redacted,WikiLeaks,1
California,media_criticism,1
Eyebleach,therewasanattempt,1
Republican,WhiteRights,1
BikiniBottomTwitter,gifs,1
WikiLeaks,weather,1
WikiLeaks,business,1
aww,bidenbro,1
Republican,WayOfTheBern,1
Conservative,republicans,1
aww,cats,1
The_Donald,videos,3
The_Wilders,altright,1
GreenParty,weather,1
Republican,worldpolitics,1
CringeAnarchy,metacanada,1
Republican,weather,1
Pennsylvania,The_Donald,1
MemeEconomy,gifs,1
Republican,altright,1
FreePolDiscussion,memes,1
The_Europe,europeannationalism,1
BikiniBottomTwitter,woahdude,1
WikiLeaks,interestingasfuck,1
MadeMeSmile,WTF,1
WayOfTheBern,media_criticism,1
HillaryForPrison,POLITIC,1
Our_Politics,TheRecordCorrected,1
FreePolDiscussion,WayOfTheBern,2
The_Redacted,media_criticism,1
KotakuInAction,business,1
funny,interestingasfuck,1
Our_Politics,The_Donald,4
Conservative,altright,2
The_Farage,altright,2
news,sjwhate,1
Infowars,media_criticism,1
WTF,therewasanattempt,1
TechNewsToday,chicago,1
WhiteRights,jillstein,1
The_Donald,sports,1
DNCleaks,conspiracy,1
conspiracy,interestingasfuck,1
The_Donald,trees,1
StillSandersForPres,WhiteRights,1
EuropeanPeoples,The_Europe,1
Conservative,ronpaul,1
WhiteRights,sjwhate,1
forwardsfromgrandma,offbeat,1
chicago,jillstein,1
EuropeanPeoples,The_Wilders,1
PoliticalHumor,The_Donald,1
CPC,The_Donald,1
The_Donald,depression,1
Pennsylvania,altright,1
Le_Pen,WayOfTheBern,1
Pennsylvania,business,1
chemicalreactiongifs,skyrim,1
Le_Pen,SpezForPrison,1
StillSandersForPres,altright,1
MadeMeSmile,The_Donald,1
bidenbro,funny,1
California,TechNewsToday,1
DNCleaks,jillstein,1
Infowars,nottheonion,1
Le_Pen,technology,1
Kossacks_for_Sanders,Political_Revolution,1
The_Donald,memes,1
The_Redacted,altright,1
KotakuInAction,chicago,1
hittableFaces,sjwhate,1
TechNewsToday,weather,1
The_Donald,media_criticism,1
SpezForPrison,uncensorednews,1
TechNewsToday,WhiteRights,1
AnythingGoesNews,The_Donald,1
media_criticism,nasa,1
Pennsylvania,conspiracy,1
media_criticism,worldpolitics,1
Le_Pen,europeannationalism,1
The_Donald,falcons,1
The_Donald,germanshepherds,1
FreePolDiscussion,The_Redacted,1
GreenParty,news,1
Conservative,The_Redacted,1
OurPresident,WikiLeaks,1
HillaryForPrison,Pennsylvania,1
FreePolDiscussion,SpezForPrison,1
gifs,steelers,1
arrow,whowouldwin,1
Republican,nottheonion,1
The_Europe,the_frauke,1
Eyebleach,oddlysatisfying,1
The_Europe,The_Farage,2
The_Donald,technology,3
HillaryMeltdown,madlads,1
gaming,pics,1
The_Donald,worldpolitics,3
Pennsylvania,jillstein,1
conspiracy,news,1
interestingasfuck,jillstein,1
KotakuInAction,conspiracy,1
GaryJohnson,The_Donald,1
OurPresident,PoliticalHumor,1
WikiLeaks,worldpolitics,2
WayOfTheBern,uncensorednews,1
GaryJohnson,nottheonion,1
business,jillstein,1
The_Donald,nottheonion,1
California,GaryJohnson,1
HillaryForPrison,SpezForPrison,1
OurPresident,sports,1
FreePolDiscussion,altright,1
Le_Pen,The_Europe,3
news,nottheonion,1
BlackPeopleTwitter,gaming,1
California,WayOfTheBern,1
Republican,The_Donald,2
The_Donald,bidenbro,1
Political_Revolution,conspiracy,1
The_Donald,trashy,1
nasa,uncensorednews,1
interestingasfuck,steelers,1
ArtefactPorn,The_Donald,1
technology,worldpolitics,1
KotakuInAction,worldpolitics,1
news,technology,1
Infowars,technology,1
WikiLeaks,media_criticism,1
metacanada,sjwhate,1
conspiracy,jillstein,2
THE_PACK,The_Donald,1
HillaryMeltdown,memes,1
HillaryMeltdown,whiteknighting,1
ChildrenFallingOver,therewasanattempt,1
aww,therewasanattempt,1
OnePieceTC,The_Donald,1
WayOfTheBern,technology,1
TechNewsToday,business,1
StillSandersForPres,politics,1
oddlysatisfying,woahdude,1
SpezForPrison,chicago,1
DNCleaks,The_Donald,3
Infowars,TechNewsToday,1
Musicthemetime,The_Donald,1
Pennsylvania,memes,1
politics,technology,1
DNCleaks,WikiLeaks,2
iamverybadass,metacanada,1
copypasta,gifs,1
HillaryMeltdown,chicago,1
HillaryForPrison,copypasta,1
The_Europe,uncensorednews,1
StillSandersForPres,memes,1
GaryJohnson,conspiracy,1
metacanada,uncensorednews,1
DNCleaks,The_Farage,1
aww,steelers,1
conspiracy,videos,1
HailCorporate,aww,1
The_Donald,apple,2
DNCleaks,SpezForPrison,1
The_Donald,nfl,2
politics,uncensorednews,1
The_Donald,drugscirclejerk,1
HillaryForPrison,aww,1
chemicalreactiongifs,woahdude,1
The_Donald,hittableFaces,2
aww,oddlysatisfying,1
WTF,skyrim,1
FreePolDiscussion,TechNewsToday,1
SocialJusticeInAction,sjwhate,1
Conservative,Our_Politics,1
media_criticism,uncensorednews,1
gifs,skyrim,1
TwoXChromosomes,trees,1
ChildrenFallingOver,aww,1
Le_Pen,uncensorednews,2
business,news,1
chicago,memes,1
GaryJohnson,business,1
The_Donald,interestingasfuck,2
chicago,technology,1
Jokes,Showerthoughts,1
The_Donald,milwaukee,1
GreenParty,altright,1
business,metacanada,1
ainbow,trees,1
BikiniBottomTwitter,The_Donald,1
Eyebleach,The_Donald,1
AnythingGoesNews,HillaryMeltdown,1
TechNewsToday,media_criticism,1
California,WhiteRights,1
GreenParty,nasa,1
GreenParty,TechNewsToday,1
chicago,uncensorednews,1
me_irl,trashy,1
MemeEconomy,meirl,1
The_Farage,memes,1
skyrim,woahdude,1
FreePolDiscussion,HillaryForPrison,2
FreePolDiscussion,worldpolitics,1
Le_Pen,Pennsylvania,1
WhiteRights,media_criticism,1
HillaryMeltdown,justlegbeardthings,1
Drugs,The_Donald,1
KotakuInAction,altright,1
jillstein,nasa,1
TechNewsToday,sjwhate,1
The_Donald,shittyaskscience,1
DNCleaks,news,1
metacanada,technology,1
HillaryMeltdown,Le_Pen,2
The_Donald,gifs,5
Conservative,chicago,1
AnythingGoesNews,conspiracy,1
Eyebleach,aww,1
Le_Pen,chicago,1
HillaryForPrison,HillaryMeltdown,3
Anarcho_Capitalism,sjwhate,1
gifs,meirl,1
altright,media_criticism,1
The_Donald,The_Wilders,3
DNCleaks,StillSandersForPres,1
WTF,gifs,2
gifs,oddlysatisfying,1
HillaryForPrison,Le_Pen,1
business,memes,1
Pennsylvania,WikiLeaks,1
funny,woahdude,1
The_Donald,woahdude,1
business,interestingasfuck,1
pics,skyrim,1
Sorosforprison,uncensorednews,1
minnesotavikings,nfl,1
GaryJohnson,Republican,1
Jokes,todayilearned,1
EuropeanPeoples,europeannationalism,1
altright,economy,1
Republican,metacanada,1
GaryJohnson,news,1
AyyMD,The_Donald,1
altright,business,1
DNCleaks,KotakuInAction,1
news,trees,1
The_Donald,prolife,1
GreenParty,media_criticism,1
DataHoarder,The_Donald,1
Conservative,KotakuInAction,1
DNCleaks,TechNewsToday,1
altright,memes,1
memes,nasa,1
Eyebleach,interestingasfuck,1
TheRecordCorrected,uncensorednews,1
TechNewsToday,metacanada,1
GaryJohnson,Le_Pen,1
bidenbro,woahdude,1
AnythingGoesNews,POLITIC,1
RightwingLGBT,The_Donald,1
CringeAnarchy,justneckbeardthings,1
The_Farage,The_Italia,1
DNCleaks,altright,1
ShitPoliticsSays,subredditcancer,1
FreePolDiscussion,uncensorednews,1
GreenParty,SpezForPrison,1
DNCleaks,chicago,1
bidenbro,chemicalreactiongifs,1
California,news,1
PoliticalHumor,WikiLeaks,1
MockRedditAdmins,The_Donald,1
WayOfTheBern,sports,1
HillaryMeltdown,nottheonion,1
CringeAnarchy,whiteknighting,1
The_Farage,WayOfTheBern,1
SpezForPrison,jillstein,1
Israel,Republican,1
altright,trashy,1
The_Donald,politics,16
interestingasfuck,technology,1
GaryJohnson,jillstein,1
California,KotakuInAction,1
The_Donald,law,1
The_Donald,battlefield_one,1
StillSandersForPres,The_Farage,1
news,worldnews,1
WikiLeaks,metacanada,1
The_Europe,altright,1
NLSSCircleJerk,The_Donald,1
funny,pics,1
TechNewsToday,news,1
Le_Pen,WhiteRights,1
GaryJohnson,SpezForPrison,1
4chan,me_irl,1
GreenParty,metacanada,1
nottheonion,sjwhate,1
OurPresident,politics,1
WhiteRights,interestingasfuck,1
politics,ronpaul,1
ainbow,news,1
SpezForPrison,conspiracy,1
EuropeanPeoples,ukpolitics,1
justlegbeardthings,whiteknighting,1
Le_Pen,sjwhate,1
HillaryMeltdown,nasa,1
SocialJusticeInAction,The_Donald,1
ShitPoliticsSays,the_meltdown,1
DNCleaks,Infowars,1
Political_Revolution,atheism,1
HillaryMeltdown,OurPresident,1
GreenParty,business,1
California,altright,1
ChildrenFallingOver,interestingasfuck,1
MadeMeSmile,aww,1
EuropeanPeoples,Le_Pen,1
media_criticism,metacanada,1
KotakuInAction,uncensorednews,1
The_Donald,chicago,1
atheism,trees,1
California,HillaryMeltdown,1
The_Donald,milliondollarextreme,1
media_criticism,nottheonion,1
The_Donald,chess,1
Le_Pen,memes,1
Infowars,interestingasfuck,1
Infowars,Le_Pen,1
AnythingGoesNews,PoliticalHumor,1
Conservative,politics,4
Israel,republicans,1
gifs,pics,1
FreePolDiscussion,conspiracy,2
TheRecordCorrected,The_Donald,1
HillaryForPrison,OurPresident,1
The_Farage,The_Wilders,2
SpezForPrison,WayOfTheBern,1
DNCleaks,sjwhate,1
Jokes,The_Donald,2
HillaryMeltdown,The_Europe,1
iamverybadass,justneckbeardthings,1
California,uncensorednews,1
WayOfTheBern,chicago,1
conspiracy,metacanada,1
Political_Revolution,TwoXChromosomes,1
AnythingGoesNews,OurPresident,1
LateStageCapitalism,The_Donald,1
altright,nasa,1
StillSandersForPres,media_criticism,1
altright,europeannationalism,1
HillaryForPrison,PoliticalHumor,1
California,metacanada,1
WTF,interestingasfuck,1
gifs,politics,1
HillaryMeltdown,SpezForPrison,1
WTF,funny,1
AnythingGoesNews,FreePolDiscussion,1
Suomi,The_Donald,2
The_Redacted,technology,1
Le_Pen,weather,1
The_Donald,sjwhate,5
GaryJohnson,nasa,1
StillSandersForPres,metacanada,1
Republican,WikiLeaks,1
MadeMeSmile,funny,1
AnythingGoesNews,WikiLeaks,1
EuropeanPeoples,The_Donald,1
funny,therewasanattempt,1
TechNewsToday,interestingasfuck,1
TechNewsToday,altright,1
MemeEconomy,The_Donald,3
NLSSCircleJerk,me_irl,1
Conservative,conspiracy,3
WayOfTheBern,jillstein,2
HailCorporate,videos,1
GreenParty,Pennsylvania,1
The_Donald,lifehacks,1
KotakuInAction,WayOfTheBern,1
business,weather,1
FreePolDiscussion,politics,1
4chan,conspiracy,1
CringeAnarchy,KotakuInAction,1
The_Donald,meirl,1
GaryJohnson,The_Farage,1
conspiracy,uncensorednews,1
StarWars,The_Donald,1
NoStupidQuestions,The_Donald,1
Political_Revolution,ainbow,1
bidenbro,pics,1
The_Donald,The_Italia,1
Republican,chicago,1
HillaryMeltdown,ukpolitics,1
europeannationalism,uncensorednews,1
The_Donald,unturned,1
Drama,The_Donald,2
interestingasfuck,woahdude,1
funny,steelers,1
The_Donald,TumblrInAction,2
Infowars,conspiracy,1
Pennsylvania,news,1
California,GreenParty,1
sjwhate,technology,1
Roadcam,TalesFromTheFrontDesk,1
altright,conspiracy,2
StillSandersForPres,WikiLeaks,2
GreenParty,The_Donald,1
WhiteRights,technology,1
The_Donald,buildapcsales,3
HillaryMeltdown,Republican,1
Conservative,sjwhate,2
The_Donald,europeannationalism,1
nasa,news,1
The_Donald,westworld,1
GreenParty,worldpolitics,1
chemicalreactiongifs,therewasanattempt,1
atheism,news,1
WTF,gaming,1
WhiteRights,chicago,1
bidenbro,therewasanattempt,1
OurPresident,StillSandersForPres,1
The_Donald,weather,1
Conservative,Republican,2
The_Farage,nottheonion,1
DNCleaks,GreenParty,1
altright,metacanada,2
WikiLeaks,conspiracy,3
WikiLeaks,chicago,1
HillaryMeltdown,The_Donald,10
The_Wilders,europeannationalism,1
HillaryMeltdown,politics,1
OurPresident,WayOfTheBern,1
conspiracy,me_irl,1
Pennsylvania,interestingasfuck,1
aww,videos,1
MadeMeSmile,oddlysatisfying,1
memes,metacanada,1
DNCleaks,HillaryForPrison,1
The_Europe,The_Italia,1
iamverybadass,whiteknighting,1
Pennsylvania,WhiteRights,1
interestingasfuck,memes,1
HillaryMeltdown,iamverybadass,1
California,worldpolitics,1
The_Donald,canada,1
chicago,sjwhate,1
KotakuInAction,Republican,1
DNCleaks,media_criticism,1
The_Redacted,uncensorednews,1
Pennsylvania,worldpolitics,1
TechNewsToday,WayOfTheBern,1
The_Donald,therewasanattempt,1
Conservative,HillaryMeltdown,2
altright,politics,1
California,Conservative,1
bidenbro,gifs,1
The_Donald,india,1
Our_Politics,Sorosforprison,1
Ooer,pokemon,1
DNCleaks,weather,1
The_Ivanka,depression,1
chemicalreactiongifs,funny,1
The_Donald,whowouldwin,1
TalesFromTheFrontDesk,The_Donald,1
ChildrenFallingOver,bidenbro,1
The_Donald,skyrim,2
TechNewsToday,The_Redacted,1
madlads,whiteknighting,1
BikiniBottomTwitter,skyrim,1
Infowars,WhiteRights,1
MadeMeSmile,bidenbro,1
SorosInAction,The_Donald,1
Conservative,business,1
DNCleaks,WhiteRights,1
KotakuInAction,justneckbeardthings,1
Eyebleach,pics,1
FreePolDiscussion,Infowars,1
TechNewsToday,WikiLeaks,1
Infowars,news,1
The_Donald,metacanada,11
DNCleaks,FreePolDiscussion,1
The_Donald,WikiLeaks,6
SpezForPrison,nasa,1
FreePolDiscussion,media_criticism,1
memes,nottheonion,1
Anarcho_Capitalism,SocialJusticeInAction,1
shittyaskscience,todayilearned,1
aww,copypasta,1
Infowars,altright,1
StillSandersForPres,sports,1
justneckbeardthings,madlads,1
Political_Revolution,news,1
TwoXChromosomes,ainbow,1
economy,uncensorednews,1
nottheonion,uncensorednews,1
PoliticalHumor,WayOfTheBern,1
FreePolDiscussion,Le_Pen,1
chemicalreactiongifs,interestingasfuck,1
Pennsylvania,weather,1
HillaryMeltdown,technology,1
WTF,aww,1
chemicalreactiongifs,oddlysatisfying,1
gifs,therewasanattempt,1
KotakuInAction,politics,1
SpezForPrison,media_criticism,1
Republican,media_criticism,1
Conservative,SocialJusticeInAction,1
HillaryForPrison,sports,1
interestingasfuck,skyrim,1
4chan,politics,1
Conservative,GreenParty,1
HillaryMeltdown,jillstein,1
HillaryMeltdown,The_Redacted,1
KotakuInAction,metacanada,2
HillaryMeltdown,uncensorednews,1
news,weather,1
Conservative,StillSandersForPres,2
WhiteRights,altright,1
FreePolDiscussion,KotakuInAction,1
therewasanattempt,woahdude,1
California,The_Redacted,1
steelers,therewasanattempt,1
California,Pennsylvania,1
Infowars,chicago,1
Conservative,nasa,1
DC_Cinematic,FlashTV,1
WTF,bidenbro,1
iamverybadass,justlegbeardthings,1
The_Farage,media_criticism,1
pics,woahdude,1
Conservative,WikiLeaks,2
Political_Revolution,politics,1
Republican,news,1
Le_Pen,Republican,1
chicago,nasa,1
The_Farage,conspiracy,1
California,technology,1
GreenParty,interestingasfuck,1
lgbt,news,1
KotakuInAction,SpezForPrison,1
Conservative,nottheonion,1
Infowars,Republican,1
WTF,steelers,1
aww,sports,1
gaming,woahdude,1
The_Farage,news,1
ChildrenFallingOver,chemicalreactiongifs,1
HillaryMeltdown,conspiracy,2
memes,weather,1
KotakuInAction,whiteknighting,1
StillSandersForPres,chicago,1
SpezForPrison,WhiteRights,1
The_Donald,savekanye,1
BikiniBottomTwitter,steelers,1
GaryJohnson,StillSandersForPres,1
aww,interestingasfuck,1
KotakuInAction,WhiteRights,1
ChildrenFallingOver,skyrim,1
interestingasfuck,worldpolitics,1
Pennsylvania,uncensorednews,1
europeannationalism,ukpolitics,1
The_Redacted,news,1
business,nottheonion,1
California,The_Farage,1
atheism,lgbt,1
The_Donald,nsfwcosplay,1
The_Donald,holdmybeer,1
POLITIC,conspiracy,2
Le_Pen,The_Redacted,1
business,worldpolitics,1
Conservative,Israel,1
Infowars,jillstein,1
KotakuInAction,Le_Pen,1
GreenParty,conspiracy,1
AnythingGoesNews,politics,1
AskReddit,The_Donald,4
Anarcho_Capitalism,Conservative,1
Conservative,Pennsylvania,1
California,business,1
TechNewsToday,worldpolitics,1
metacanada,weather,1
The_Donald,darksouls3,1
BikiniBottomTwitter,chemicalreactiongifs,1
Pennsylvania,nottheonion,1
WayOfTheBern,interestingasfuck,1
4chan,trashy,1
FreePolDiscussion,WikiLeaks,2
HillaryForPrison,WhiteRights,1
GaryJohnson,WayOfTheBern,1
conspiracy,nasa,1
HillaryMeltdown,Pennsylvania,1
MadeMeSmile,gaming,1
The_Wilders,worldpolitics,1
PoliticalHumor,sports,1
The_Donald,hiphopheads,1
GaryJohnson,worldpolitics,1
HillaryForPrison,interestingasfuck,1
HillaryForPrison,news,1
The_Donald,economy,1
HillaryForPrison,The_Farage,1
technology,weather,1
gifs,videos,2
conspiracy,media_criticism,1
California,Le_Pen,1
AskReddit,todayilearned,1
POLITIC,WayOfTheBern,1
GaryJohnson,WikiLeaks,1
KotakuInAction,news,1
lgbt,politics,1
SocialJusticeInAction,uncensorednews,1
The_Redacted,interestingasfuck,1
metacanada,whiteknighting,1
altright,worldpolitics,2
GaryJohnson,TechNewsToday,1
HillaryForPrison,business,1
Pennsylvania,The_Redacted,1
TwoXChromosomes,atheism,1
KotakuInAction,nottheonion,1
The_Donald,todayilearned,3
technology,uncensorednews,1
GreenParty,Le_Pen,1
POLITIC,politics,1
altright,nottheonion,1
AnythingGoesNews,sports,1
PrettyLittleLiars,The_Donald,1
business,uncensorednews,1
SNSD,The_Donald,1
The_Redacted,WhiteRights,1
Infowars,The_Redacted,1
StillSandersForPres,business,1
nasa,technology,1
Le_Pen,jillstein,1
india,xboxone,1
HillaryForPrison,nasa,1
interestingasfuck,uncensorednews,1
FreePolDiscussion,nottheonion,1
POLITIC,StillSandersForPres,1
Pennsylvania,media_criticism,1
AMA,AskThe_Donald,1
Political_Revolution,lgbt,1
Pennsylvania,metacanada,1
justlegbeardthings,metacanada,1
HillaryMeltdown,WikiLeaks,2
interestingasfuck,sjwhate,1
SNSD,lifehacks,1
gaming,therewasanattempt,1
The_Donald,oddlysatisfying,1
altright,uncensorednews,4
funny,oddlysatisfying,1
The_Donald,news,5
PoliticalHumor,StillSandersForPres,1
The_Donald,cordcutters,1
GreenParty,sjwhate,1
ImGoingToHellForThis,The_Donald,3
Le_Pen,media_criticism,1
chemicalreactiongifs,gaming,1
HillaryMeltdown,the_meltdown_meltdown,1
ChristianNews,prolife,1
chicago,media_criticism,1
WayOfTheBern,altright,1
ronpaul,technology,1
uncensorednews,weather,1
The_Donald,WhiteRights,1
BikiniBottomTwitter,MadeMeSmile,1
GaryJohnson,KotakuInAction,1
StillSandersForPres,news,1
The_Farage,worldpolitics,2
CringeAnarchy,HillaryMeltdown,1
WikiLeaks,sports,1
WayOfTheBern,nottheonion,1
FreePolDiscussion,StillSandersForPres,2
Conservative,POLITIC,1
The_Donald,uncensorednews,11
The_Donald,wallstreetbets,1
Pennsylvania,TechNewsToday,1
HillaryForPrison,metacanada,1
California,nottheonion,1
HillaryForPrison,technology,1
GreenBayPackers,The_Donald,1
The_Europe,worldpolitics,1
memes,sjwhate,1
The_Farage,the_frauke,2
Ooer,The_Donald,1
GreenParty,Republican,1
The_Farage,metacanada,1
interestingasfuck,oddlysatisfying,1
KotakuInAction,justlegbeardthings,1
Eyebleach,woahdude,1
politics,trees,1
media_criticism,memes,1
LateStageCapitalism,todayilearned,1
CringeAnarchy,iamverybadass,1
SpezForPrison,The_Redacted,1
The_Redacted,jillstein,1
WhiteRights,conspiracy,1
nasa,worldpolitics,1
chicago,nottheonion,1
FreePolDiscussion,GaryJohnson,1
TechNewsToday,jillstein,1
The_Donald,gaming,2
Conservative,news,2
Political_Revolution,trees,1
BikiniBottomTwitter,gaming,1
GreenParty,HillaryMeltdown,1
news,uncensorednews,1
Republican,conspiracy,1
altright,me_irl,1
California,chicago,1
Political_Revolution,WayOfTheBern,1
oddlysatisfying,pics,1
The_Donald,The_Europe,3
Pennsylvania,WayOfTheBern,1
The_Donald,WhereIsAssange,1
The_Donald,chemicalreactiongifs,1
jillstein,metacanada,1
California,memes,1
California,sjwhate,1
interestingasfuck,media_criticism,1
Infowars,WikiLeaks,1
funny,skyrim,1
Pennsylvania,sjwhate,1
Conservative,GaryJohnson,1
HillaryMeltdown,PoliticalHumor,1
The_Farage,uncensorednews,2
DNCleaks,GaryJohnson,1
SpezForPrison,TechNewsToday,1
ChildrenFallingOver,woahdude,1
business,media_criticism,1
memes,worldpolitics,1
conspiracy,politics,3
interestingasfuck,nasa,1
WikiLeaks,technology,1
SpezForPrison,business,1
HailCorporate,HillaryForPrison,1
ChildrenFallingOver,The_Donald,1
KotakuInAction,The_Farage,1
lgbt,trees,1
interestingasfuck,metacanada,1
chemicalreactiongifs,pics,1
MensRights,The_Donald,4
The_Donald,WaltDisneyWorld,1
ChildrenFallingOver,gifs,1
POLITIC,worldpolitics,1
StillSandersForPres,TechNewsToday,1
WayOfTheBern,sjwhate,1
GaryJohnson,media_criticism,1
GreenParty,chicago,1
KotakuInAction,MensRights,1
California,Republican,1
The_Italia,the_frauke,1
jillstein,media_criticism,1
The_Donald,survivor,1
The_Donald,industrialmusic,1
The_Europe,The_Wilders,2
WhiteRights,nasa,1
conspiracy,worldpolitics,2
copypasta,videos,1
FreePolDiscussion,news,1
Infowars,The_Donald,1
nasa,weather,1
The_Donald,funny,4
jillstein,uncensorednews,1
GaryJohnson,technology,1
BikiniBottomTwitter,interestingasfuck,1
Conservative,OurPresident,1
Infowars,weather,1
Pennsylvania,SpezForPrison,1
HillaryMeltdown,KotakuInAction,2
Republican,business,1
HillaryForPrison,WikiLeaks,2
The_Donald,steelers,1
interestingasfuck,pics,1
altright,ukpolitics,1
MadeMeSmile,interestingasfuck,1
California,conspiracy,1
WayOfTheBern,weather,1
Infowars,memes,1
The_Donald,guns,1
DNCleaks,uncensorednews,1
StormfrontorSJW,The_Donald,1
WTF,politics,1
media_criticism,news,1
SpezForPrison,memes,1
Sorosforprison,The_Donald,3
The_Donald,justlegbeardthings,1
HailCorporate,The_Donald,1
KotakuInAction,interestingasfuck,1
Republican,interestingasfuck,1
DNCleaks,Le_Pen,1
HillaryMeltdown,POLITIC,1
WikiLeaks,politics,1
ChristianNews,The_Donald,1
conspiracy,nottheonion,1
nottheonion,worldpolitics,1
WikiLeaks,uncensorednews,1
POLITIC,The_Donald,2
The_Donald,TokyoGhoul,1
Pennsylvania,technology,1
TumblrInAction,sjwhate,1
Conservative,offbeat,1
funny,gaming,1
MadeMeSmile,pics,1
interestingasfuck,therewasanattempt,1
TwoXChromosomes,news,1
BikiniBottomTwitter,pics,1
Eyebleach,bidenbro,1
aww,chemicalreactiongifs,1
aww,gaming,1
interestingasfuck,nottheonion,1
conspiracy,memes,1
HillaryForPrison,TechNewsToday,1
chemicalreactiongifs,steelers,1
Republican,StillSandersForPres,1
The_Redacted,worldpolitics,1
Pennsylvania,The_Farage,1
Anarcho_Capitalism,uncensorednews,1
HillaryMeltdown,news,1
GreenParty,StillSandersForPres,1
The_Donald,subredditcancer,3
GreenParty,WikiLeaks,1
The_Donald,the_meltdown_meltdown,1
StillSandersForPres,jillstein,1
WTF,woahdude,1
technology,worldnews,1
jillstein,worldpolitics,1
GaryJohnson,metacanada,1
Conservative,Infowars,1
SpezForPrison,The_Donald,1
StillSandersForPres,The_Donald,2
MadeMeSmile,skyrim,1
altright,weather,1
aww,gifs,2
GaryJohnson,chicago,1
The_Donald,altright,11
StillSandersForPres,nottheonion,1
chicago,metacanada,1
The_Europe,ukpolitics,2
jillstein,nottheonion,1
ChildrenFallingOver,oddlysatisfying,1
OurPresident,The_Donald,1
GreenParty,The_Farage,1
conspiracy,copypasta,1
WayOfTheBern,politics,1
KotakuInAction,iamverybadass,1
KotakuInAction,nasa,1
The_Donald,circlejerk,1
4chan,videos,1
StillSandersForPres,technology,1
WhiteRights,WikiLeaks,1
HillaryForPrison,KotakuInAction,1
KotakuInAction,memes,1
The_Farage,ukpolitics,1
Conservative,WhiteRights,1
bidenbro,interestingasfuck,1
interestingasfuck,weather,1
Kossacks_for_Sanders,The_Donald,1
The_Donald,pokemon,1
TechNewsToday,conspiracy,1
altright,sjwhate,1
GreenParty,The_Redacted,1
FreePolDiscussion,chicago,1
BikiniBottomTwitter,oddlysatisfying,1
Pennsylvania,chicago,1
The_Donald,tumblr,1
The_Donald,conservativecartoons,1
Le_Pen,The_Donald,16
conservativecartoons,forwardsfromgrandma,1
GaryJohnson,uncensorednews,1
DNCleaks,metacanada,1
WTF,milwaukee,1
The_Donald,madlads,1
CringeAnarchy,StormfrontorSJW,1
Le_Pen,business,1
HillaryMeltdown,worldpolitics,1
aww,funny,1
WTF,chemicalreactiongifs,1
jillstein,memes,1
ChildrenFallingOver,funny,1
Infowars,sjwhate,1
WTF,oddlysatisfying,1
Republican,TechNewsToday,1
metacanada,nottheonion,1
The_Donald,audiophile,1
AskReddit,altright,1
MemeEconomy,WTF,1
WikiLeaks,sjwhate,1
Le_Pen,The_Farage,4
Conservative,Le_Pen,1
justneckbeardthings,metacanada,1
sjwhate,uncensorednews,2
The_Farage,drugscirclejerk,1
bidenbro,steelers,1
KotakuInAction,madlads,1
Le_Pen,interestingasfuck,1
DNCleaks,WayOfTheBern,1
AskReddit,politics,2
conservativecartoons,news,1
HillaryForPrison,sjwhate,1
DNCleaks,The_Redacted,1
BikiniBottomTwitter,funny,1
AnythingGoesNews,HillaryForPrison,1
HillaryForPrison,The_Redacted,1
Le_Pen,WikiLeaks,1
Conservative,HillaryForPrison,2
The_Donald,copypasta,1
Le_Pen,StillSandersForPres,1
WTF,meirl,1
The_Donald,whiteknighting,1
TechNewsToday,The_Farage,1
conspiracy,technology,1
DNCleaks,memes,1
HillaryMeltdown,weather,1
gaming,skyrim,1
FreePolDiscussion,Republican,1
Bombshell_On_Target,The_Donald,1
FreePolDiscussion,jillstein,1
oddlysatisfying,skyrim,1
Republican,nasa,1
WikiLeaks,memes,1
HillaryForPrison,weather,1
The_Donald,unitedkingdom,1
FreePolDiscussion,metacanada,1
SpezForPrison,altright,1
California,jillstein,1
Eyebleach,gifs,1
sjwhate,weather,1
WayOfTheBern,business,1
FreePolDiscussion,sjwhate,1
TechNewsToday,memes,1
Showerthoughts,nfl,1
ChildrenFallingOver,pics,1
AnythingGoesNews,WayOfTheBern,1
GaryJohnson,memes,1
The_Donald,forwardsfromgrandma,1
GaryJohnson,The_Redacted,1
The_Italia,The_Wilders,1
ChildrenFallingOver,gaming,1
KotakuInAction,TechNewsToday,1
CPC,metacanada,1
Political_Revolution,The_Donald,1
Le_Pen,news,1
WayOfTheBern,WhiteRights,1
The_Farage,WhiteRights,1
HillaryMeltdown,interestingasfuck,1
Eyebleach,chemicalreactiongifs,1
BikiniBottomTwitter,therewasanattempt,1
conservativecartoons,offbeat,1
HillaryForPrison,altright,1
HillaryMeltdown,sports,1
POLITIC,PoliticalHumor,1
gaming,steelers,1
CringeAnarchy,The_Donald,8
Conservative,metacanada,1
news,worldpolitics,1
metacanada,nasa,1
oddlysatisfying,steelers,1
DNCleaks,nasa,1
chicago,weather,1
TwoXChromosomes,lgbt,1
Kossacks_for_Sanders,conspiracy,1
ukpolitics,worldpolitics,1
Conservative,FreePolDiscussion,2
California,StillSandersForPres,1
The_Farage,weather,1
Conservative,PoliticalHumor,1
California,HillaryForPrison,1
Showerthoughts,The_Donald,2
California,nasa,1
The_Redacted,weather,1
Infowars,KotakuInAction,1
The_Donald,WayOfTheBern,4
Roadcam,The_Donald,1
AMA,The_Donald,1
memes,uncensorednews,1
The_Farage,jillstein,1
conspiracy,gifs,1
HillaryForPrison,uncensorednews,3
The_Donald,the_meltdown,1
Le_Pen,the_frauke,3
HailCorporate,conspiracy,1
FreePolDiscussion,sports,1
WayOfTheBern,worldpolitics,1
GreenParty,WayOfTheBern,1
HillaryForPrison,politics,1
EuropeanPeoples,uncensorednews,1
OurPresident,POLITIC,1
SpezForPrison,The_Farage,1
Conservative,worldpolitics,1
Conservative,conservativecartoons,1
4chan,The_Donald,2
The_Donald,iamverybadass,1
funny,gifs,1
DNCleaks,interestingasfuck,1
HillaryMeltdown,altright,1
Conservative,The_Farage,1
GreenParty,uncensorednews,1
HillaryForPrison,StillSandersForPres,2
HillaryMeltdown,business,1
skyrim,therewasanattempt,1
The_Donald,xboxone,1
AskReddit,uncensorednews,1
SpezForPrison,sjwhate,1
Eyebleach,WTF,1
GaryJohnson,Pennsylvania,1
milwaukee,politics,1
The_Farage,technology,1
Eyebleach,skyrim,1
gifs,interestingasfuck,1
GreenParty,Infowars,1
The_Wilders,spezgate,1
media_criticism,technology,1
KotakuInAction,StillSandersForPres,1
SpezForPrison,nottheonion,1
DNCleaks,Republican,1
The_Donald,dankmemes,2
Republican,technology,1
aww,pics,1
skyrim,steelers,1
The_Donald,pics,2
WhiteRights,news,1
Conservative,TechNewsToday,1
chemicalreactiongifs,gifs,1
Conservative,DNCleaks,1
California,interestingasfuck,1
MadeMeSmile,chemicalreactiongifs,1
California,SpezForPrison,1
business,sjwhate,1
Eyebleach,MadeMeSmile,1
AskThe_Donald,The_Donald,2
Pennsylvania,StillSandersForPres,1
AnythingGoesNews,StillSandersForPres,1
The_Wilders,the_frauke,1
GaryJohnson,HillaryMeltdown,1
Kossacks_for_Sanders,jillstein,1
Conservative,jillstein,1
KotakuInAction,falcons,1
SpezForPrison,metacanada,1
HillaryForPrison,worldpolitics,1
GaryJohnson,interestingasfuck,1
Jokes,pics,1
MensRights,The_Farage,1
Suomi,Unexpected,1
ChildrenFallingOver,WTF,1
HillaryForPrison,nottheonion,1
FreePolDiscussion,POLITIC,1
BikiniBottomTwitter,Eyebleach,1
WTF,pics,1
Republican,jillstein,1
MadeMeSmile,steelers,1
WayOfTheBern,news,1
The_Donald,teh_dahnald,1
WayOfTheBern,memes,1
FreePolDiscussion,business,1
atheism,politics,1
business,chicago,1
steelers,woahdude,1
StillSandersForPres,weather,1
HillaryMeltdown,Infowars,1
Conservative,technology,2
nasa,sjwhate,1
WhiteRights,memes,1
oddlysatisfying,therewasanattempt,1
HillaryMeltdown,metacanada,2
FreePolDiscussion,The_Farage,1
DNCleaks,technology,1
ChildrenFallingOver,Eyebleach,1
HillaryMeltdown,justneckbeardthings,1
aww,woahdude,1
GreenParty,technology,1
SpezForPrison,worldpolitics,1
conspiracy,trashy,1
gaming,interestingasfuck,1
conspiracy,sports,1
Boxing,The_Donald,1
FreePolDiscussion,interestingasfuck,1
HillaryForPrison,videos,1
chicago,conspiracy,1
BlackPeopleTwitter,The_Donald,2
AnythingGoesNews,Conservative,1
subredditcancer,the_meltdown,1
justlegbeardthings,justneckbeardthings,1
The_Redacted,chicago,1
The_Donald,nasa,1
KotakuInAction,Pennsylvania,1
FreePolDiscussion,WhiteRights,1
WhiteRights,uncensorednews,1
Kossacks_for_Sanders,WayOfTheBern,1
Le_Pen,The_Wilders,2
WikiLeaks,jillstein,1
TechNewsToday,The_Donald,1
Libertarian,The_Donald,2
The_Redacted,nasa,1
Sorosforprison,TheRecordCorrected,1
The_Donald,aww,2
The_Farage,chicago,1
POLITIC,WikiLeaks,2
The_Donald,The_Ivanka,1
AdviceAnimals,The_Donald,1
The_Donald,the_book,1
WhiteRights,nottheonion,1
CringeAnarchy,justlegbeardthings,1
California,The_Donald,2
news,offbeat,1
Le_Pen,nasa,1
SpezForPrison,StillSandersForPres,1
FreePolDiscussion,technology,1
sjwhate,worldpolitics,1
chicago,worldpolitics,1
media_criticism,sjwhate,1
politics,videos,1
The_Donald,nazi,1
pics,therewasanattempt,1
Conservative,forwardsfromgrandma,1
KotakuInAction,sjwhate,1
Le_Pen,The_Italia,1
BlackPeopleTwitter,gifs,1
iamverybadass,madlads,1
FreePolDiscussion,GreenParty,1
FreePolDiscussion,OurPresident,1
The_Redacted,business,1
WhiteRights,weather,1
metacanada,worldpolitics,1
SpezForPrison,WikiLeaks,1
HillaryForPrison,Infowars,1
HillaryMeltdown,media_criticism,1
Infowars,metacanada,1
GreenParty,KotakuInAction,1
Republican,uncensorednews,1
GaryJohnson,altright,1
GreenParty,memes,1
HillaryMeltdown,WayOfTheBern,2
BikiniBottomTwitter,bidenbro,1
media_criticism,weather,1
SpezForPrison,weather,1
WhiteRights,metacanada,1
jillstein,news,1
HillaryMeltdown,sjwhate,1
Conservative,sports,1
Israel,The_Donald,1
FreePolDiscussion,nasa,1
nottheonion,weather,1
aww,skyrim,1
HailCorporate,gifs,1
GaryJohnson,GreenParty,1
jillstein,technology,1
gaming,oddlysatisfying,1
The_Donald,arrow,1
memes,technology,1
California,Infowars,1
KotakuInAction,WikiLeaks,1
ChildrenFallingOver,MadeMeSmile,1
Art,The_Donald,2
europeannationalism,worldpolitics,1
PoliticalHumor,politics,1
Conservative,media_criticism,1
The_Donald,the_frauke,5
The_Donald,business,1
GaryJohnson,HillaryForPrison,1
Conservative,The_Donald,15
Infowars,business,1
StillSandersForPres,sjwhate,1
altright,technology,1
WikiLeaks,nasa,1
ainbow,lgbt,1
GreenParty,nottheonion,1
The_Donald,ukpolitics,2
DNCleaks,Pennsylvania,1
StillSandersForPres,nasa,1
The_Donald,The_Farage,8
FreePolDiscussion,weather,1
WikiLeaks,news,1
4chan,gifs,1
The_Donald,anime_irl,1
ChildrenFallingOver,steelers,1
aww,conspiracy,1
Anarcho_Capitalism,The_Donald,2
WayOfTheBern,metacanada,1
Infowars,uncensorednews,1
The_Donald,titanfall,1
weather,worldpolitics,1
HillaryForPrison,media_criticism,1
TwoXChromosomes,politics,1
conspiracy,sjwhate,1
California,WikiLeaks,1
Le_Pen,metacanada,2
GaryJohnson,Infowars,1
Conservative,economy,1
The_Farage,europeannationalism,1
FreePolDiscussion,PoliticalHumor,1
TechNewsToday,technology,1
Republican,SpezForPrison,1
Republican,republicans,1
California,weather,1
The_Redacted,memes,1
WayOfTheBern,conspiracy,3
The_Redacted,nottheonion,1
gaming,tumblr,1
Political_Revolution,jillstein,1
gifs,woahdude,1
justlegbeardthings,madlads,1
BlackPeopleTwitter,tumblr,1
conspiracy,weather,1
PoliticalHumor,conspiracy,1
Conservative,SpezForPrison,1
MadeMeSmile,woahdude,1
gifs,tumblr,1
TechNewsToday,nasa,1
pics,steelers,1
GreenParty,jillstein,1
MadeMeSmile,therewasanattempt,1
WhiteRights,business,1
MGTOW,The_Donald,1
chicago,interestingasfuck,1
jillstein,sjwhate,1
Eyebleach,funny,1
EuropeanPeoples,worldpolitics,1
chicago,news,1
The_Redacted,conspiracy,1
bidenbro,gaming,1
The_Donald,justneckbeardthings,1
The_Farage,nasa,1
Republican,sjwhate,1
GreenParty,HillaryForPrison,1
interestingasfuck,news,1
altright,jillstein,1
Infowars,SpezForPrison,1
4chan,altright,1
StillSandersForPres,conspiracy,2
The_Donald,me_irl,2
The_Donald,Unexpected,1
Showerthoughts,todayilearned,1
The_Donald,soccercirclejerk,1
altright,interestingasfuck,1
Pennsylvania,nasa,1
KotakuInAction,The_Donald,9
Infowars,nasa,1
ukpolitics,uncensorednews,1
business,technology,1
The_Farage,sjwhate,1
subredditcancer,uncensorednews,1
SpezForPrison,interestingasfuck,1
The_Wilders,ukpolitics,1
The_Redacted,metacanada,1
CringeAnarchy,THE_PACK,1
business,nasa,1
KotakuInAction,The_Redacted,1
Republican,memes,1
HillaryForPrison,gifs,1
The_Donald,funkopop,1
nfl,todayilearned,1
Le_Pen,TechNewsToday,1
The_Farage,WikiLeaks,1
Infowars,Pennsylvania,1
BikiniBottomTwitter,ChildrenFallingOver,1
The_Donald,ronpaul,1
EuropeanPeoples,The_Farage,1
The_Redacted,sjwhate,1
SpezForPrison,technology,1
justneckbeardthings,whiteknighting,1
ainbow,atheism,1
Anarcho_Capitalism,HillaryForPrison,1
The_Donald,offbeat,1
WayOfTheBern,nasa,1
DNCleaks,nottheonion,1
The_Donald,conspiracy,19
Conservative,uncensorednews,3
The_Wilders,uncensorednews,1
Le_Pen,worldpolitics,2
WikiLeaks,nottheonion,1
altright,chicago,1
HillaryForPrison,memes,1
HillaryForPrison,The_Donald,10
Le_Pen,altright,3
BikiniBottomTwitter,WTF,1
AskReddit,shittyaskscience,1
ShitPoliticsSays,The_Donald,2
The_Donald,WTF,3
bidenbro,oddlysatisfying,1
The_Donald,The_Redacted,2
Infowars,StillSandersForPres,1
Le_Pen,nottheonion,1
KotakuInAction,jillstein,1
The_Donald,minnesotavikings,1
The_Farage,interestingasfuck,1
FreePolDiscussion,Pennsylvania,1
Eyebleach,gaming,1
OurPresident,conspiracy,1
HillaryForPrison,WayOfTheBern,2
memes,news,1
POLITIC,sports,1
The_Donald,jillstein,3
Republican,The_Farage,1
HillaryForPrison,jillstein,1
