author,subreddit,total_score,n_posts,rn
-AnD,The_Donald,719,12,1
-INFOWARS-,The_Donald,8573,13,1
-INFOWARS-,Anarcho_Capitalism,1295,3,2
-INFOWARS-,conspiracy,152,8,3
-StrangerThanFiction,The_Donald,4071,4,1
-redditardation-,The_Donald,1136,10,1
01212154,The_Donald,532,3,1
0124NN,The_Donald,2869,2,1
01_UserName,The_Donald,716,2,1
04-20-GasTheCucks,CringeAnarchy,24766,11,1
04-20-GasTheCucks,The_Donald,7843,9,2
04-20-GasTheCucks,HillaryMeltdown,2126,2,3
04-20-GasTheCucks,justneckbeardthings,1658,4,4
04-20-GasTheCucks,whiteknighting,672,3,5
04-20-GasTheCucks,KotakuInAction,224,2,7
0fficerNasty,The_Donald,15286,10,1
0verloader,The_Donald,24009,6,1
10pens,The_Donald,8414,26,1
13301,The_Donald,81574,146,1
13301,HillaryMeltdown,2898,12,3
14metstom,The_Donald,1586,9,1
1979FLH80,The_Donald,1283,8,1
1q2s3e4f5t6h7u8k9o0,The_Donald,3026,14,1
2016Politics,The_Donald,588,4,1
2073040,The_Donald,3349,2,1
306MAGAnitudeQuake,The_Donald,5439,13,1
330mod87,The_Donald,831,12,1
34mississippi,The_Donald,3285,2,1
3hmmmmm3,The_Donald,8565,12,1
47thSage,worldnews,5358,3,1
47thSage,The_Donald,1141,22,2
485075,The_Donald,6131,4,1
485075,4chan,706,2,2
485075,aviation,297,2,3
55togo,The_Donald,697,6,1
55togo,MGTOW,471,5,2
66_Chevelle_SS,The_Donald,5786,16,1
6gentexan,The_Donald,4558,17,1
75ta,The_Donald,4975,44,1
7spade,The_Donald,29688,60,1
88Keys444,The_Donald,5108,3,1
91klein,The_Donald,4046,2,1
ACaliBurrito,The_Donald,3894,4,1
AIsuicide,The_Donald,826,41,1
ALargeWildFeminist,The_Donald,543,2,1
AMAboutYourStupidity,The_Donald,3256,20,1
AMAboutYourStupidity,HillaryForPrison,103,2,2
AMERICA_No_1,The_Donald,4456,14,1
AMart83,The_Donald,889,15,1
A_Damn_Idiot,The_Donald,15519,10,1
A__NormalPerson,The_Donald,660,26,1
AaronLynnYoung,The_Donald,1447,5,1
Ab0v3,The_Donald,2515,3,1
Acala,The_Donald,838,12,1
AccipiterQ,The_Donald,8083,6,1
AccountAttempt2,The_Donald,1066,3,1
Ace_of_Losers,The_Donald,10917,3,1
Actuarybrad,Conservative,1833,16,1
Actuarybrad,The_Donald,716,15,2
Addisaurus_Rex,The_Donald,40741,70,1
Agent_Kujan,The_Donald,8577,15,1
Ahovv,The_Donald,1870,2,1
AidsBlanket,The_Donald,9988,15,1
AlaskanJuggalo4TRUMP,The_Donald,1088,27,1
Aldebaran333,The_Donald,31283,109,1
AlexJonesHasAIDS,The_Donald,4013,30,1
All_Your_Based,The_Donald,4492,4,1
Alomikron,The_Donald,3444,4,1
Alotta_Leaks,The_Donald,711,10,1
Alpha-as-fuck,The_Donald,11801,29,1
AmericanJBert,The_Donald,1908,2,1
Amm0sexual,The_Donald,1992,6,1
Amygdala_Highjacker,The_Donald,944,3,1
AnEducatedVoter,The_Donald,14115,19,1
An_Actual_Politician,The_Donald,1197,4,1
Anarcho_Capitalist,The_Donald,4401,32,1
AndForgetMe,The_Donald,10433,24,1
And_n,The_Donald,6980,15,1
Animblenavigator,The_Donald,9536,55,1
AnonPaul_Deviantart,The_Donald,788,7,1
AntoneFinance,funny,24189,8,1
AntoneFinance,The_Donald,19412,55,2
AntoneFinance,circlejerk,4588,4,3
AntoneFinance,Jokes,2881,2,4
AntoneFinance,ShittyAnimalFacts,1998,11,5
AntoneFinance,AskScienceFiction,990,8,6
AntoneFinance,NoStupidQuestions,902,8,7
AntoneFinance,MemeEconomy,640,2,8
AntoneFinance,Ashens,150,2,13
Anynomus,The_Donald,3364,9,1
Aonymousoutcast,The_Donald,720,12,1
ApolloTerminus,The_Donald,9809,60,1
Arbitrage84,The_Donald,4080,6,1
ArchStudios,The_Donald,4282,7,1
Architek9,The_Donald,1356,19,1
ArchiveShitMedia,The_Donald,630,5,1
Atok48,The_Donald,6591,3,1
Austinisfullgohome,The_Donald,756,2,1
AustraliaForTrump,The_Donald,7579,6,1
Avatarius87,The_Donald,21791,17,1
AwayWeGo112,The_Donald,639,6,2
AznDeplorable,The_Donald,3806,14,1
BCSinReverse,The_Donald,2274,3,1
BECAUSEYOUDBEINJAIL,The_Donald,2372,2,1
BLSully,The_Donald,688,3,1
BUILD_THA_WALL,The_Donald,597,3,1
B_Sack,The_Donald,2406,10,1
B_T_F_O,The_Donald,8254,2,1
Ba11e,The_Donald,2312,3,1
Babbert_Scientific,The_Donald,1322,36,1
BabyDinosaurHead,The_Donald,1048,5,1
BabyDinosaurHead,opieandanthony,239,7,2
BaconCatBug,The_Donald,4619,4,1
Bageer,The_Donald,5460,12,1
BakeRatNoDak,The_Donald,2550,27,1
BakedBlunts,The_Donald,1304,12,1
BarackHusseinBobama,The_Donald,2893,3,1
Barneslaw,The_Donald,1323,3,1
BasedFaggotIsMyGod,The_Donald,986,19,1
BasedTrumpster,The_Donald,855,17,1
BasketOfPepes,The_Donald,849,3,1
BearBreastBaller,The_Donald,2636,13,1
BearBreastBaller,me_irl,634,7,2
BejewelledBadger,The_Donald,1467,6,1
Belkin45g,The_Donald,5883,2,1
Belong_to_me,The_Donald,5376,3,1
Bernie_wears_Depends,The_Donald,7971,12,1
Berries_Cherries,The_Donald,3493,10,1
Berries_Cherries,ProtectAndServe,2502,11,2
Berries_Cherries,rarepuppers,2460,4,3
Berries_Cherries,todayilearned,1203,2,4
Berries_Cherries,Sneks,532,3,5
BickleBrown,The_Donald,844,2,1
BigDeeeeeeeeeeee,dankmemes,18199,84,1
BigDeeeeeeeeeeee,The_Donald,815,14,2
BigDeeeeeeeeeeee,bertstrips,582,2,3
BigDeeeeeeeeeeee,StarWars,403,2,4
BigWolle,The_Donald,597,6,1
Bigly-Wrong,The_Donald,1268,7,1
Bigpiganddig,The_Donald,2847,13,1
Bigpiganddig,politics,223,12,2
Bill0405,The_Donald,40075,106,1
BillBarilko5,The_Donald,552,5,1
Blake83197,The_Donald,3830,5,1
Blameocrats,The_Donald,22344,49,1
Blametheweiner,The_Donald,19112,89,1
BlankFaceCriminal,The_Donald,1104,7,1
BlankFaceCriminal,conspiracy,231,13,2
BlankFaceCriminal,AnythingGoesNews,115,7,3
Blockstop101,The_Donald,2539,4,1
Blueonblue1234,The_Donald,553,11,1
Bobcat698,The_Donald,1733,2,1
BoilingHotCoffee,The_Donald,4530,11,1
BookNDonald,The_Donald,688,13,1
Booney134,The_Donald,855,11,1
Bootyfullkd,The_Donald,4406,11,1
Bosko93,The_Donald,27660,9,1
Boston_Red_Sox,The_Donald,1047,3,1
Boston_Red_Sox,TheInfection,228,4,2
BostonlovesBernie,The_Donald,3611,52,1
BostonlovesBernie,WayOfTheBern,645,26,2
BostonlovesBernie,DNCleaks,488,7,3
Bradytyler,The_Donald,515,8,1
Branchie123,The_Donald,5433,38,1
BraveNewFrog,The_Donald,14204,42,1
Braxxar,The_Donald,5357,5,1
BreitbartWasMurdered,The_Donald,7474,13,1
Britipede,The_Donald,597,6,1
BroManDudeBud,The_Donald,890,11,1
BrocialistFuckboi4U,The_Donald,7472,2,1
Broniszlaw,The_Donald,615,3,1
Bub213,The_Donald,3942,13,1
Buddy813,The_Donald,5527,19,1
Buddy813,milf,2870,7,2
Buddy813,AsianHotties,1497,4,3
Buddy813,redheads,1429,5,4
Buddy813,nsfw,980,2,5
Buddy813,Amateur,801,5,7
Buddy813,Tgirls,328,3,9
Bump-4-Trump,The_Donald,2396,20,1
BundlesA1,The_Donald,1151,3,1
BushWillWin,The_Donald,17558,179,1
BushWillWin,conspiracy,798,14,2
BushWillWin,politics,553,55,3
BushWillWin,Conservative,469,12,4
BushWillWin,worldnews,389,17,6
BushWillWin,Kossacks_for_Sanders,134,5,7
BushWillWin,SandersForPresident,122,2,8
ButThisIsRidiculous,The_Donald,1401,10,1
BuzzzSlinger,The_Donald,612,3,1
CAT_holiday,The_Donald,1180,8,1
CATrumpSupporter,The_Donald,8443,6,1
CENTIPEDE_LEADER,The_Donald,537,20,1
CForClassified,The_Donald,52829,31,1
CHAD_J_THUNDERCOCK,The_Donald,789,9,1
CLE_BROWNS_32,The_Donald,10514,2,1
CSGOW1ld,news,21958,3,1
CSGOW1ld,The_Donald,1439,5,2
CTR_Sucks,The_Donald,699,4,1
C_H_F_,The_Donald,573,2,1
Californ-i-a27,The_Donald,569,3,1
Caliginosity,The_Donald,8940,5,1
CanadaGreatAgain,The_Donald,1874,6,1
CantContheDon,The_Donald,31775,67,1
CantFrumpTheTrump,The_Donald,1228,4,1
CantPayRentWithKarma,The_Donald,5307,5,1
CantStumpTheeTrump,The_Donald,706,4,1
Capitally,The_Donald,2390,2,1
CaptainChrisPBacon,The_Donald,595,15,1
CaptainCrackbaby,TumblrInAction,1577,14,1
CaptainCrackbaby,The_Donald,668,16,2
CaptainCrackbaby,TumblrAtRest,414,4,3
CaptainCrackbaby,Haruhi,264,8,4
CaptainGlobal,The_Donald,4544,4,1
CaptainGlobal,InternationalNews,476,11,2
CaptnYestrday,The_Donald,684,2,1
Careless_Wolverine,The_Donald,1674,21,1
CatalinaToys,The_Donald,1654,26,1
CedTruz,The_Donald,18925,20,1
Cerebral_Cortices,The_Donald,1483,35,1
Charlie--Dont--Surf,The_Donald,3001,9,1
Charlie--Dont--Surf,submechanophobia,621,4,2
CharlieDavyKW,Badfaketests,270,7,2
Chemspiration,The_Donald,793,6,1
CherryMandering,The_Donald,11551,19,1
CherryMandering,HillaryMeltdown,681,2,2
Chetcommandosrockon,The_Donald,1820,3,1
ChipperLockPicker,The_Donald,7526,6,1
Chistock,The_Donald,860,25,1
Chive_on_thyme,The_Donald,2442,4,1
Choochoomoo,The_Donald,1400,8,1
ChooseSafetyFirst,The_Donald,3345,8,1
Chris_Dorner8,The_Donald,1447,8,1
Christosgnosis,The_Donald,621,12,1
Chrizza,The_Donald,8572,2,1
CircularFileWorthy,The_Donald,2212,2,1
CisSiberianOrchestra,The_Donald,18792,8,1
CisWhiteMealWorm,The_Donald,5251,17,1
CivilianConsumer,The_Donald,50552,40,1
CivilianConsumer,conspiracy,1907,19,2
ClarkWallaby,The_Donald,6632,6,1
ClarkWallaby,Le_Pen,675,2,2
Claytho,The_Donald,2200,3,1
CleverestPony70,The_Donald,1481,42,1
ClownsInCongress,The_Donald,3036,36,1
CoC4Hire,The_Donald,3036,7,1
Coat_Taker,The_Donald,9427,9,1
Cocaine4You,The_Donald,593,5,1
CognitiveMalfunction,The_Donald,6735,5,1
Colinpr007,The_Donald,17891,10,1
Computationalism,The_Donald,991,10,1
Conkam,The_Donald,2768,13,1
ConnieP_XI,The_Donald,1534,3,1
CopperNickus,The_Donald,681,3,1
Cosmicreature,The_Donald,7721,21,1
CoupGardener,The_Donald,9588,2,1
CrackingYs,The_Donald,6665,5,1
CrookedForPrison2016,The_Donald,10322,3,1
Cryptocentrus,The_Donald,3516,9,1
Ctrlz4ever,The_Donald,12919,2,1
CuchIsLife,The_Donald,6621,10,1
Cuck-WTF,The_Donald,780,18,1
CucksOutforPepe,The_Donald,2479,2,1
CucksRUs,The_Donald,1267,10,1
Cutmerock,The_Donald,1552,4,1
DBallsandJScrotes,The_Donald,8124,14,1
DDaTTH,The_Donald,6193,2,1
DEYoungRepublicans,The_Donald,5570,17,1
DEYoungRepublicans,privacy,2462,3,2
DEYoungRepublicans,Conservative,1242,8,4
DEYoungRepublicans,SandersForPresident,768,2,5
DEYoungRepublicans,progun,324,3,7
DEYoungRepublicans,randpaul,123,2,10
DEYoungRepublicans,TedCruz,109,6,11
DIRECTOR_COMEY,The_Donald,5798,3,1
DONT_reply_with_THIS,The_Donald,9309,3,1
DX5,The_Donald,28032,30,1
D__isForDickinBimbos,The_Donald,19230,47,1
DaSquariusGreen,The_Donald,9836,8,1
Dahnald,The_Donald,1900,2,1
Daily_Fun_365,The_Donald,608,12,1
DaishoDaisho,The_Donald,10293,31,1
DanMyName,The_Donald,8074,14,1
Dane_for_Trump,The_Donald,604,9,1
DangWhatAStory,The_Donald,16666,25,1
Dangerflirt,The_Donald,2378,2,1
Daniel_USA,The_Donald,905,31,1
DaoDeDickinson,The_Donald,31020,97,1
DareBrennigan,The_Donald,10766,25,1
Darkroom2017,The_Donald,3648,6,1
Darth_Stonewall,StarWars,5055,16,1
Darth_Stonewall,dankmemes,4252,18,2
Darth_Stonewall,me_irl,3214,3,3
Darth_Stonewall,The_Donald,523,29,4
Darth_Stonewall,DaisyRidley,302,2,5
Darth_Stonewall,starwarsmemes,195,2,6
DaveLewis96,The_Donald,7049,3,1
David_199,The_Donald,590,28,1
David_199,politics,102,5,2
Dbzspee,The_Donald,6141,11,1
DeadHead-,The_Donald,29159,74,1
DeadLightMedia,The_Donald,5055,24,1
DeePlorableXtine,The_Donald,5941,4,1
DegenNerd,The_Donald,3786,15,1
DemocratMafia,The_Donald,55042,48,1
DeplorableMe1,The_Donald,8676,12,1
Deplorable_Centipede,The_Donald,7971,4,1
Dereliction,The_Donald,9805,9,1
Desmond-Hume,The_Donald,911,7,1
Deus_G,The_Donald,1838,12,1
DianaPrintz,The_Donald,3842,30,1
DickDragger17,The_Donald,548,23,1
Dick_Kickass,The_Donald,4990,7,1
DickinBimbos4Harambe,4chan,12459,4,1
DickinBimbos4Harambe,The_Donald,1191,6,2
DigbyChickenSiezure,The_Donald,2523,6,1
DimitriVolochenko,The_Donald,1157,21,1
Diotima245,The_Donald,18794,23,1
Dirk_Dallas,The_Donald,2853,12,1
DirtyMouseBalls,The_Donald,12461,22,1
DirtyPedro,The_Donald,10817,16,1
Dirtychorizo,The_Donald,620,12,1
Disciple_of_Libertas,The_Donald,2626,7,1
Disfunctional_Vet,The_Donald,3615,7,1
DistanceToEmpty,The_Donald,3277,15,1
DistanceToEmpty,metacanada,410,12,2
Doctor_Cornwallis,The_Donald,3063,2,1
DogSnoggins,The_Donald,841,3,1
DoggyDooDah,The_Donald,2263,2,1
DonInHtown,The_Donald,995,29,1
DonalDux,The_Donald,1736,4,1
DonaldTheTankEngine,The_Donald,12914,18,1
DonaldWashington,The_Donald,554,9,1
DonaldXLV,The_Donald,1214,26,1
DontBanMeBaby,The_Donald,5143,6,1
DontThinkChewSoap,The_Donald,572,3,1
Dontrell,The_Donald,1453,38,1
Dontshootme_bro,The_Donald,1409,2,1
Dontshootme_bro,the_frauke,193,2,2
DonutsJunction,The_Donald,754,2,1
DoogieHowserGoogleMD,The_Donald,1326,9,1
DoubleGunsSockCucka,The_Donald,1549,16,1
DoubleGunsSockCucka,opieandanthony,313,15,2
DougGaveld,The_Donald,5807,2,1
DrJarns,The_Donald,223565,1020,1
DrLemniscate,The_Donald,5672,11,1
DrWeeGee,The_Donald,51828,51,1
DrWeeGee,HillaryForPrison,1793,10,2
Dr_dad,The_Donald,12052,2,1
Dragofireheart,The_Donald,1563,5,1
DragonOnYoFace,The_Donald,3740,13,1
Dragonsmoon333,The_Donald,1856,3,1
Drakus_,rarepuppers,1590,4,1
Dreamcast_is_God,The_Donald,1262,4,1
Drenmar,The_Donald,886,2,1
DrewsephVladmir,The_Donald,6932,9,1
Drgreygoose,The_Donald,553,19,1
DropletFox,The_Donald,1072,2,1
DubDubDubz,The_Donald,10638,2,1
DuceStaley,The_Donald,29857,15,1
DuceStaley,Redskins,230,2,2
Duke_Discount,The_Donald,24649,9,1
Dunkizle,The_Donald,5658,12,1
E-rockComment,The_Donald,704,4,1
EX818,The_Donald,2404,8,1
E_Deplorabus_Unum,The_Donald,4183,2,1
EachDayOneStep,The_Donald,2033,26,1
Earth_Runs_Red,The_Donald,40925,33,1
EatsPandas,The_Donald,802,2,1
Ebeeja,The_Donald,8898,13,1
Ebeeja,videos,898,7,2
Edge27,The_Donald,3121,11,1
Ejali2244,The_Donald,6169,2,1
El_Rato_zodiac,The_Donald,684,2,1
Electrical_Engineer_,The_Donald,8996,13,1
Elephant_Trump,The_Donald,536,18,1
EmperorKek,The_Donald,528,6,1
EndSJWandMSM,The_Donald,10040,37,1
EnderG715,The_Donald,996,12,1
Epikphail,The_Donald,5894,11,1
Eromu,The_Donald,1299,4,1
EsciSpectre,The_Donald,8197,43,1
Eskimodavid,The_Donald,31455,78,1
EternalHostility,The_Donald,889,18,1
EvanMcMuffin,The_Donald,2998,10,1
EveryNameIsTaken7180,The_Donald,896,6,1
ExSkynetJanitor,The_Donald,1200,5,1
Exile127,The_Donald,8509,12,1
ExtinctWhiteMale,The_Donald,8618,12,1
EyeCrush,The_Donald,1246,9,1
Ezekiel-319,The_Donald,5388,7,1
EzraTwitch,The_Donald,3851,3,1
FAdycoco,The_Donald,1277,19,1
FFPAULPAO,The_Donald,778,3,1
FGlobalism,The_Donald,7395,2,1
FUCK_GLOBALISTS,conspiracy,145,2,2
FUCK_GLOBALISTS,GuiltyPleasureMusic,123,4,3
FactCheckOnTheFly,The_Donald,36034,56,1
FairIsFoul_16,The_Donald,1473,2,1
False_Song,The_Donald,30680,8,1
FarageIsMyWaifu,The_Donald,3372,22,1
Fatkungfuu,The_Donald,5469,13,1
FattyMcFat212,The_Donald,815,3,1
FaustClarke,The_Donald,2326,2,1
Feminine_ist,The_Donald,525,13,1
FiDollaMilkshake,The_Donald,1169,10,1
FictionalNameWasTake,The_Donald,5955,2,1
FictionalNameWasTake,IASIP,234,4,2
FictionalNameWasTake,The_Dennis,206,3,3
Filmpolice,The_Donald,6030,21,1
Fingersoup,The_Donald,5182,3,1
Firetesticles,The_Donald,53989,8,1
Firetesticles,polandball,1225,2,2
FishbowlFiend,The_Donald,27369,311,1
Fistfullofgreyhair,The_Donald,743,10,1
FlairForTheGold,The_Donald,2174,3,1
FlareKR,The_Donald,2272,6,1
Flareblood,Undertale,172,5,2
FletchF_Fletch,The_Donald,1952,49,1
Flight-Control,The_Donald,4267,17,1
FloridaCrackerTNJ,The_Donald,4340,24,1
Fna1,The_Donald,1314,33,1
FocusedFr,The_Donald,694,13,1
ForegroundEclipse,The_Donald,670,2,1
Forgototherpassword,The_Donald,3571,17,1
Foss_is_Boss,The_Donald,24735,64,1
FrankBlack2000,The_Donald,11050,13,1
FrankWisner,The_Donald,994,19,1
FreeRadd,The_Donald,1658,42,1
Freedom2Truth,The_Donald,631,3,1
FreudianSlip81,The_Donald,545,6,1
FriendlyInChernarus,The_Donald,764,2,1
Fudrucker,The_Donald,2386,8,1
Fudrucker,canadaguns,137,3,2
FukingWhiteMale,The_Donald,2828,2,1
FullAmpleSally,The_Donald,34516,14,1
GBA1912,The_Donald,17055,8,1
GETSTUMPED,The_Donald,2942,20,1
G_Petronius,The_Donald,9334,4,1
G_Petronius,uncensorednews,4134,31,2
G_Petronius,subredditcancer,490,4,4
Gaggamaggot,holdmyfries,1427,2,2
GalaxyDelta9,The_Donald,2798,7,1
Garretthates12,The_Donald,10012,5,1
GasCucksMemeWarNow,The_Donald,604,5,1
GasCucksMemeWarNow,CringeAnarchy,240,3,3
GaysForTrump0,The_Donald,44018,5,1
GeneralProductsHulls,The_Donald,4193,24,1
General_Sheperd,The_Donald,3576,10,1
General_Tso_Tofu,The_Donald,5710,5,1
General__Edge,The_Donald,2341,18,1
Geosage,The_Donald,521,9,1
Getmeamfcoat,The_Donald,769,9,1
GhillieInTheMidst,The_Donald,1767,26,1
Ghostofelviscostello,The_Donald,2454,4,1
Gilgulim,The_Donald,3126,23,1
Gilliais,The_Donald,967,10,1
Gink_Amrak,The_Donald,577,15,1
GlenCompton,The_Donald,3029,3,1
Go2017,The_Donald,596,10,1
Goasupreme,The_Donald,2540,40,1
GoatClassic,The_Donald,857,2,1
GoatsDontShave,TalcumX,651,10,2
Gokukillyou,The_Donald,6468,4,1
Gold-Eyed-Cat,The_Donald,2662,4,1
GoodGuyNixon,The_Donald,1595,2,1
GooderestWardo,The_Donald,17412,11,1
GoreMassacre,The_Donald,553,3,1
Graham765,The_Donald,563,14,1
Grakmarr,The_Donald,9409,5,1
Grandebabo,The_Donald,2644,6,1
GrantGautier,The_Donald,574,4,1
GreenPepino,The_Donald,844,17,1
Greg-2012,The_Donald,1577,7,1
Greg-2012,todayilearned,1458,3,2
GregasaurusRektz,The_Donald,36512,41,1
GrillingForAllAgain,The_Donald,29087,6,1
Grip_Mod_Parts,The_Donald,3540,2,1
Groundstain,The_Donald,30858,3,1
GuacamoleFanatic,news,74781,30,1
GuacamoleFanatic,OldSchoolCool,36699,10,2
GuacamoleFanatic,pics,26567,12,3
GuacamoleFanatic,politics,19275,14,4
GuacamoleFanatic,Celebs,9620,44,5
GuacamoleFanatic,technology,3865,3,7
GuacamoleFanatic,nfl,2385,3,8
GuacamoleFanatic,EmilyRatajkowski,1441,7,9
GuacamoleFanatic,worldnews,975,12,10
GuacamoleFanatic,The_Donald,947,8,11
GuacamoleFanatic,kateupton,941,3,12
GuacamoleFanatic,CharlotteMcKinney,563,6,13
GuacamoleFanatic,Celeb_Collages,551,39,14
GuacamoleFanatic,celeb_redheads,529,6,15
GuacamoleFanatic,SelenaGomez,489,3,16
GuacamoleFanatic,Patriots,374,3,18
GuacamoleFanatic,kendalljenner,263,2,19
GuacamoleFanatic,movies,232,2,20
GuacamoleFanatic,gifs,141,2,24
GuacamoleFanatic,UpliftingNews,110,4,27
Guffey93,The_Donald,2600,17,1
Gullye,The_Donald,46207,19,1
Gullye,AdviceAnimals,3289,2,2
Gullye,gaming,598,2,3
Gunslinger1776,The_Donald,1244,24,1
GuyWithNoName67,The_Donald,585,15,1
H-Wood,The_Donald,3085,12,1
H3llicon,The_Donald,1081,5,1
H4RV3YSP3CT3R,The_Donald,3126,6,1
HIGH___ENERGY,The_Donald,6425,4,1
HRCisDOA,The_Donald,7332,4,1
Hacker_Logic,The_Donald,506,2,1
HaggisGumbo,The_Donald,5145,21,1
Hairyballzak,The_Donald,14192,64,1
Hairyballzak,MURICA,8073,4,2
Ham_Sandwich77,The_Donald,13015,15,1
Ham_Sandwich77,metacanada,791,13,2
HanAssholeSolo,The_Donald,10489,52,1
HanAssholeSolo,ImGoingToHellForThis,1063,7,2
HeckYeahBoobs,The_Donald,4721,2,1
Hellafied,The_Donald,731,15,1
HelpIveFallenOver,The_Donald,9656,11,1
HelpIveFallenOver,The_Europe,1304,19,2
Henry_Burris,cringe,836,2,1
Henry_Burris,The_Donald,747,7,2
Herchernando,The_Donald,5352,4,1
Heterohom,The_Donald,164086,9,1
Hi_liar_y,The_Donald,12911,151,1
HillarysDoctorAMA,The_Donald,930,4,1
HinduPepe,The_Donald,8985,146,1
Hipp013,The_Donald,5527,6,1
Hipp013,savedyouaclick,2602,2,2
HitachinoBia,The_Donald,1239,13,1
Hollywoodfreak326,The_Donald,2380,6,1
HoneySnuSnu,The_Donald,1662,2,1
HotTeen69,The_Donald,10605,2,1
HottyToddy9,The_Donald,571,4,1
How-Stump_Much-Fail,The_Donald,12694,42,1
Howchappedisyourass,The_Donald,1135,4,1
HuckleberryStin,The_Donald,1206,10,1
HurinMcgoo,The_Donald,31135,6,1
HyperCuriousMe,The_Donald,1162,25,1
I-Disagree-,The_Donald,783,12,1
I0am0working,The_Donald,3113,7,1
ICFronk,The_Donald,10281,6,1
IDRIVEBOAT,The_Donald,10075,16,1
IDontBrakeForSJWs,The_Donald,1865,30,1
IIRC,The_Donald,12576,5,1
IIRC,Conservative,832,7,2
IIRC,Republican,166,10,3
IPlayGeetarSometimes,The_Donald,36956,95,1
I_Like_Bacon2,The_Donald,2053,9,1
IamJohnBarron,The_Donald,33437,33,1
IanMoone13,The_Donald,1291,5,1
IceBreather,The_Donald,9916,14,1
IcedTeaPlz,The_Donald,7994,5,1
IdeologicFire8,The_Donald,2163,10,1
Iggy0075,The_Donald,550,4,1
ImYourWenis,The_Donald,6185,2,1
ImmmOldGregg,The_Donald,526,8,1
Immo406,The_Donald,8668,7,1
In-1985,The_Donald,3655,3,1
InFrn0,The_Donald,16578,23,1
IndomitableServant,The_Donald,668,4,1
IndustrialEngineer,The_Donald,1143,3,1
InfiniteJW4,The_Donald,13445,35,1
InstaTwit,The_Donald,19799,50,1
Intergalactic_Walrus,The_Donald,5318,14,1
Intrixina,The_Donald,787,2,1
IrreverantSoB,The_Donald,27209,4,1
Isaac51290,The_Donald,6727,6,1
Isdaman,The_Donald,10944,5,1
Ivaginaryfriend,The_Donald,353970,404,1
J2daEWW,The_Donald,1772,18,1
JD2210,The_Donald,1915,2,1
JJRL,The_Donald,6371,4,1
JUGGLING_LIFE,The_Donald,3207,7,1
J_Dub_TX,The_Donald,691,12,1
Jack_Candle,The_Donald,897,3,1
Jack_Finn_,The_Donald,562,3,1
Jamskinds,The_Donald,1776,91,1
Jawajoey,The_Donald,889,2,1
Jawasman,The_Donald,859,3,1
JesusWoreNikeSlides,The_Donald,960,2,1
JimGDouglas,The_Donald,538,7,1
Jimmie_James,The_Donald,2678,9,1
Jimr117,The_Donald,565,3,1
JoanOfArk77,The_Donald,1731,9,1
Joeprime87,The_Donald,552,8,1
Joey_Jewsacky,The_Donald,1034,16,1
Joey_Jewsacky,The_Farage,220,3,2
Joey_Jewsacky,PoliticalVideo,161,11,3
JohnApples1988,The_Donald,2841,4,1
JohnDeeDeplorable,The_Donald,1229,17,1
JohnDonMiller,The_Donald,25339,11,1
JohnGTrump,The_Donald,3072,39,1
JohnKimble111,europe,4059,3,1
JohnKimble111,MensRights,3651,23,2
JohnKimble111,KotakuInAction,3483,6,3
JohnKimble111,The_Donald,3380,15,4
JohnKimble111,PussyPass,635,4,5
JohnKimble111,MorbidReality,172,2,6
JohnKimble111,ukpolitics,128,10,7
John__Podesta,The_Donald,4681,9,1
JosephStalinski,The_Donald,1087,2,1
Jrittz,The_Donald,1136,4,1
Juanfartez,The_Donald,4753,18,1
JusticeForScalia,The_Donald,7381,17,1
Justicecode,The_Donald,2177,7,1
Justicecode,industrialmusic,137,11,2
Jwiss,The_Donald,1396,4,1
JxhnBinder,The_Donald,1600,24,1
KD1010,The_Donald,915,2,1
KF1eLd,The_Donald,7253,2,1
KILLPREE,The_Donald,2151,7,1
KKonaBrothermanBill,The_Donald,2798,4,1
KaKawBitches,The_Donald,3487,20,1
KansasCityChefs,The_Donald,11418,4,1
KaticaOnTwitter,The_Donald,3438,12,1
Keeper_of_Bees,The_Donald,4274,2,1
Keiichi81,The_Donald,10655,14,1
Kek_the_frog,The_Donald,15849,4,1
Ketchup-Bubbly,The_Donald,7607,4,1
Keyblader001,The_Donald,869,4,1
Kiirosagi,The_Donald,27479,43,1
KillahBee13,The_Donald,1276,4,1
King-Macbeth,The_Donald,3542,2,1
King-Macbeth,MGTOW,119,2,5
KingJak117,The_Donald,2186,10,1
KingPeanutMan,The_Donald,5615,8,2
KirksNipple,The_Donald,1473,7,1
KirksNipple,Sorosforprison,381,2,2
KiwiNull,The_Donald,1590,5,1
Knollsit,The_Donald,4388,5,1
Knowwhatimsayingg,The_Donald,21531,3,1
Kojak_King,The_Donald,1420,4,1
Kthulwho,The_Donald,13208,14,1
KurtSTi,The_Donald,3151,8,1
KushloverXXL,The_Donald,3680,4,1
KushloverXXL,Braveryjerk,128,3,2
Kwehvox,The_Donald,10899,2,1
KyloRenNoMore,The_Donald,4221,7,1
KyloRenNoMore,sjwhate,192,6,2
LA_Trump,The_Donald,2072,32,1
LOL-REALITY,The_Donald,6922,19,1
LONGHORN2498,The_Donald,7078,3,1
LaFleur90,The_Donald,4709,5,1
LaLongueCarabine,The_Donald,4906,5,1
LaxGenius,The_Donald,3449,2,1
LeddHead,The_Donald,4392,6,1
Left6Foot6Trail6,The_Donald,16120,6,1
Lens_of_History,The_Donald,1876,2,1
Leom187,The_Donald,904,8,1
Lets-MAGA-now,The_Donald,18181,98,1
LeviathanAurora,The_Donald,6356,7,1
Liberal_cesspool,The_Donald,3480,18,1
Liberal_cesspool,westworld,1659,2,2
Light151,The_Donald,688,9,1
Liivestream,The_Donald,1968,6,1
Lil_Ninja94,dankmemes,1212,6,1
LilyForrester,The_Donald,608,5,1
Lips2000,The_Donald,9077,42,1
Livesinyourhead4free,The_Donald,1894,20,1
LlTERALLY_SHAKlNG,The_Donald,9380,7,1
Lonegunmaan,The_Donald,10453,25,1
LordPlumpington,The_Donald,8604,3,1
Lord_Kek,The_Donald,5887,18,1
LordofShittsville,The_Donald,9733,6,1
LukeyDukey6429,The_Donald,1062,2,1
Lurkingprof07,The_Donald,1560,4,1
Lynoctis,The_Donald,1174,2,1
M1GHTYEAGLE,The_Donald,2750,2,1
MAGA2016_,The_Donald,2702,28,1
MAGANOBRAKES,The_Donald,910,3,1
MAGA_APN,The_Donald,7221,4,1
MAGA_Gays,The_Donald,9586,23,1
MAGA_trump,The_Donald,2151,24,1
MAGAfromCanada,The_Donald,9083,2,1
MAGAvember_8th,The_Donald,1437,76,1
MEGA2017,The_Donald,1668,16,1
MEGA2017,the_frauke,252,8,2
MFLUDER,The_Donald,28814,16,1
MIssMaiali,The_Donald,2089,9,1
MNJGA,The_Donald,1403,41,1
MOOSYOOLKA,The_Donald,1488,14,1
MTH_85,The_Donald,1232,3,1
MTH_85,wildhockey,259,6,2
MTwhitebooks,The_Donald,916,4,1
MacwellX,The_Donald,948,17,1
MaddieEsquire,The_Donald,9501,4,1
Maga49,The_Donald,2859,2,1
MagaGodEmperor,The_Donald,3599,3,1
Magnitto,The_Donald,8371,27,1
Magnokor,The_Donald,1127,27,1
Majorxerocom,The_Donald,4842,18,1
MakeWallsNotDoors,The_Donald,6783,8,1
Malformed1,The_Donald,1149,26,1
Mamemoo,The_Donald,25076,75,1
ManCheetah0311,The_Donald,2994,3,1
Manafort,politics,7246,28,1
Manafort,The_Donald,5339,20,2
MangoTru7h,The_Donald,3958,3,1
MangroveEarthshoe,The_Donald,2712,8,1
MantananForTrump,The_Donald,606,2,1
MantananForTrump,facepalm,466,2,2
ManusJustus,The_Donald,1928,2,1
ManusJustus,ReclaimTheHolyLand,405,3,2
MarcMaronsDumbFace,The_Donald,6625,22,1
Mariotas_Gooch,The_Donald,8877,11,1
MasterAnkit,The_Donald,2065,3,1
MasterRex,The_Donald,790,2,1
Masterofthepurple,The_Donald,7218,33,1
Matterak,The_Donald,693,7,1
Mawrak,The_Donald,6055,11,1
Maxim-One,The_Donald,988,4,1
McFatty7,The_Donald,1780,5,1
McNasty0421,The_Donald,4224,2,1
McSlashy,The_Donald,990,23,1
Mcrapperson,The_Donald,512,18,1
Medically,The_Donald,28038,29,1
MedikPac,conspiracy,1047,5,1
MedikPac,The_Donald,705,14,2
MedikPac,EliteDangerous,447,5,3
MeisterStenz,The_Donald,584,5,1
Memphisinacage11,The_Donald,3611,15,1
MenicusMoldbug,The_Donald,671,5,1
MeowzaForce_is_my_YT,The_Donald,2054,3,1
MereMemetics,The_Donald,1000,5,1
Metamoose,The_Donald,7208,20,1
MethMouthMary,The_Donald,4007,22,1
MiceTonerAccount,The_Donald,34569,5,1
MichaelRock3,The_Donald,2566,9,1
MightyBulger,The_Donald,621,2,1
MilSpec556,The_Donald,8433,13,1
MilkManMikey,The_Donald,16569,15,1
Mind__Mischief,The_Donald,16135,11,1
Mind__Mischief,tucker_carlson,508,6,2
MinneMAGA,The_Donald,1116,9,1
Minutiae_Man,The_Donald,2526,2,1
MizzDeeDee,The_Donald,725,4,1
Mong04,The_Donald,22014,6,1
Moojuice4,The_Donald,4015,7,1
MooseCampbell,The_Donald,33672,3,1
MoreProtonsBruh,The_Donald,8531,2,1
Morganization,The_Donald,21797,41,1
Motality,The_Donald,6759,5,1
MrCooperstown,The_Donald,2059,10,1
MrCupidStuntz,me_irl,2212,2,1
MrCupidStuntz,The_Donald,843,2,2
MrGuard1,The_Donald,1466,6,1
MrHorseHead,The_Donald,2460,22,1
MrTrumpsWildRide,The_Donald,10897,18,1
MrWALLDonaldTrump,The_Donald,14247,175,1
MrWALLDonaldTrump,The_Farage,775,48,2
MrWALLDonaldTrump,Libertarian,219,7,3
MrWALLDonaldTrump,Anarcho_Capitalism,125,19,4
Mr_Globalist_Slayer,The_Donald,3760,3,1
Mryuge,The_Donald,1419,12,1
Muffydabee,The_Donald,3081,2,2
MuhammadDinduNuffin,The_Donald,991,18,1
Mukato,The_Donald,527,4,1
MultiMediaWill,The_Donald,9631,15,1
Muntberg,The_Donald,2817,21,1
Muntberg,ImGoingToHellForThis,279,2,2
Muntberg,PoliticalHumor,120,2,4
MurmurItUpDbags,The_Donald,940,3,1
MurricanEagle,The_Donald,567,6,1
MusclesNAlcohol,The_Donald,1436,2,1
MusicLuhver,The_Donald,7168,11,1
MuzenCab,The_Donald,1347,2,1
MyGlassAccount,The_Donald,1517,90,1
MyQuestForPower,The_Donald,976,3,1
MyTeenageBody,The_Donald,1536,2,1
My_new_Arse,The_Donald,8395,2,1
MysteriousStrangr,The_Donald,2303,8,1
N0w0rNever,The_Donald,3893,10,1
N9neRhymes,The_Donald,10938,4,1
NIMBLE_NAV_FAN,The_Donald,5956,5,1
NYRep72,The_Donald,847,19,1
NastyGuyFromCanada,The_Donald,9912,48,1
Natetendo83,The_Donald,8864,8,1
NathanOhio,DNCleaks,1604,15,1
NathanOhio,WikiLeaks,115,2,3
Nederlander1,The_Donald,16082,11,1
NeedsToLaugh,The_Donald,5091,3,1
Neiioz,The_Donald,1357,23,1
NerdyRomantic,The_Donald,5035,2,1
NeurotypicalPanda,The_Donald,552,3,1
NeverHillary1030,The_Donald,10883,14,1
NeverKillary,The_Donald,2417,7,1
Niexist,The_Donald,7432,4,1
Nightauditor1981,The_Donald,1255,7,1
NimbleNavigator89,The_Donald,1681,4,1
Ninjakick666,news,1489,14,2
Ninjakick666,conspiracy,445,5,3
Ninjakick666,worldnews,219,2,4
Ninjakick666,FBI2,173,34,5
Ninster11,The_Donald,3480,5,1
Nixon_Was_Robbed_60,The_Donald,11783,89,1
Nixon_Was_Robbed_60,conspiracy,933,2,2
Nixon_Was_Robbed_60,Israel,104,2,3
NoBrakesBitches,The_Donald,43092,78,1
Nollyx,The_Donald,14528,4,1
NorbertH66,The_Donald,3620,6,1
NorbertH66,dankmemes,1187,5,2
Nordogad,The_Donald,6712,21,1
NorthJersey908,The_Donald,42988,168,1
NorthShoreblacksheep,The_Donald,3686,15,1
NotAsGayAsYou,The_Donald,1225,4,1
NotEnoughVideoGames,The_Donald,20421,29,1
NotNolan,The_Donald,9375,26,1
NuclearAmerican,The_Donald,976,5,1
NuclearWarlordGandhi,The_Donald,7458,9,1
OFFICIAL_CNN_REDDIT,The_Donald,4272,12,1
OPisAbundleOfTwigs,The_Donald,5791,17,1
Oh3,The_Donald,3221,4,1
OhHeyItsMeKevin,The_Donald,12028,6,1
OhLegit,hearthstone,366,2,2
OhSnapYouGotServed,The_Donald,36137,3,1
Oh_hamburgers_,The_Donald,28818,42,1
Oh_hamburgers_,pics,196,3,2
Ohwellnevermindthen,The_Donald,6023,2,1
OkieShartPostDoke,The_Donald,2197,2,1
OliverWHY,The_Donald,2768,3,1
OnlyDopesQuoteSnopes,The_Donald,554,5,1
OnlyDopesQuoteSnopes,conspiracy,278,4,2
OnlyDopesQuoteSnopes,HillaryForPrison,232,2,3
Opirus,The_Donald,5655,26,1
OriginalBadass,The_Donald,1963,3,1
Orlyborly,The_Donald,3477,14,1
Osiris1295,The_Donald,2275,3,1
Ozzytudor,The_Donald,988,2,1
PA4life,The_Donald,8389,2,1
PANTS_ARE_STUPID,The_Donald,611,4,1
PM_ME_ANYTHING_FUN,The_Donald,572,4,1
PM_ME_UR_DIVIDENDS,The_Donald,8987,2,1
PM_ME_UR_XYLOPHONES,The_Donald,709,6,1
PM_YOUR_TITTS,The_Donald,4193,3,1
POTUS_DonnieJ,The_Donald,8352,4,1
PaSterling,The_Donald,1307,9,1
PaddoK33N_,The_Donald,2717,2,1
PainCakesx,The_Donald,7426,2,1
PalmBeacher,The_Donald,996,2,1
Parado-I,The_Donald,3284,2,1
Parogarr,The_Donald,1151,14,1
PathTo3Commas,The_Donald,2344,7,1
PatriarchysJackboot,The_Donald,715,4,1
Pdstanley,The_Donald,670,17,1
PeZismyjam,The_Donald,1092,27,1
Pence_Prime,The_Donald,4728,5,1
Pepe-wont-stop,The_Donald,10089,4,1
PepeTheRacistFrog,The_Donald,722,11,1
PeytonManThing0,The_Donald,4202,10,1
Phillipmcd,The_Donald,1299,3,1
Plamen1234,syriancivilwar,1290,17,1
Plamen1234,The_Donald,882,17,2
Platinum_Lining,The_Donald,3037,3,1
PleadingtheYiff,The_Donald,12828,19,1
PleadingtheYiff,Sorosforprison,554,2,2
PleadingtheYiff,DisobedientMedia,133,9,4
Plhype,The_Donald,3166,8,1
Pol-anon,The_Donald,2098,5,1
PolarKO,The_Donald,7692,2,1
PoliticalPro1,The_Donald,15078,13,1
Pony_Gold,The_Donald,2410,4,1
Pope-Urban-III,The_Donald,1554,3,1
Pope-Urban-III,Catholicism,398,6,2
PorkShake,The_Donald,4315,2,1
Porkton,The_Donald,13072,2,1
Porkton,hearthstonecirclejerk,482,3,2
Prefix-NA,The_Donald,1690,11,1
PremAmerica,The_Donald,530,7,1
PresNimbleNavigator,The_Donald,5899,2,1
Pres_Trump,The_Donald,12500,11,1
PresidenTrumpCamacho,The_Donald,13159,25,1
President-of-Reddit,The_Donald,1962,27,1
PresidentDonJTrump,The_Donald,852,4,1
PresidentDonJTrump,conspiracy,625,2,2
PresidentialPepe,The_Donald,8187,6,1
Pressrewind10,The_Donald,675,5,1
Pressrewind10,Libertarian,109,3,2
Pretty_Solid_Wall,The_Donald,25775,37,1
PrinceCamelton,The_Donald,29321,3,1
Prince_Nico,The_Donald,717,15,1
ProtectYaKek,The_Donald,676,2,1
Proud-Centipede,The_Donald,4393,2,1
Psi_tank,The_Donald,1842,2,1
Psi_tank,4chan,595,2,2
PsilocyBen19,The_Donald,7317,2,1
PurpleHarley,The_Donald,14770,15,1
PyroSatan,The_Donald,2915,3,1
QQ222,The_Donald,6821,2,1
QQ222,RightwingLGBT,452,14,2
Quack696,The_Donald,11692,6,1
Quaddro21,The_Donald,541,4,1
QueenMelania,The_Donald,1411,6,1
Quontinu,The_Donald,1912,15,1
Qwertyact,The_Donald,515,6,1
RARE_PEPE_MERCHANT_,The_Donald,1601,2,1
REALprophet_muhammed,The_Donald,3846,12,1
RESPECT_the_FLAG,The_Donald,1861,4,1
RPDBF1,The_Donald,18668,43,1
RPDBF1,Libertarian,540,18,2
RPDBF1,GoldandBlack,108,4,3
Rabid_Milosexual,The_Donald,3365,20,1
Race_Bannon_Prime,The_Donald,9635,8,1
RagingCajun3195,The_Donald,5026,11,1
RagnarsSoul,The_Donald,3362,9,1
Ragnavoke,The_Donald,1792,4,1
Ragnavoke,randpaul,117,3,2
RailroadedorNot,The_Donald,1489,14,1
RailroadedorNot,conspiracy,385,5,2
Rap3DBac0N,The_Donald,2216,4,1
RatmanThomas,The_Donald,6922,18,1
Ratpack4trump,The_Donald,37930,15,1
Real___American,The_Donald,18215,30,1
Reality-Inversion,The_Donald,1501,4,1
RedFoxOnFire,The_Donald,2573,41,1
RedPillContainer,The_Donald,18120,34,1
RedRosesRose,The_Donald,2982,30,1
Redkurtain,The_Donald,5846,12,2
Redkurtain,dankmemes,2699,31,3
Redkurtain,funny,101,2,5
Rektangle7,The_Donald,716,2,1
Reptilian_Renegade,The_Donald,11609,15,1
Reshefofdestruction,The_Donald,2716,35,1
RevoltReady,The_Donald,675,2,1
ReynoldsAlready,The_Donald,1477,26,1
RichieLad,The_Donald,3475,13,1
RightHallowFang,The_Donald,3083,2,1
Rikvidr,The_Donald,7833,3,1
RobertJSparks,The_Donald,508,20,1
RobloxHarambe42069,The_Donald,8476,2,1
RobotJINI,The_Donald,539,29,1
RogueUnlimited,CringeAnarchy,242,2,3
RokLebowski,The_Donald,943,5,1
RossTheColonel,The_Donald,19819,3,1
RottenScoundrels,The_Donald,1257,3,1
Rowens78,The_Donald,6194,20,1
RubberDong,The_Donald,736,16,1
Rufus_Shinra_,The_Donald,600,13,1
RulerOfSlides,The_Donald,1125,13,1
RulerOfSlides,fuck2017evenmore,111,3,2
Russian_Agent,The_Donald,4384,13,1
RussiansHackedMyAnus,The_Donald,2687,11,1
Rvolv,The_Donald,1230,4,1
Ryan927,The_Donald,4877,36,1
S0XXX,The_Donald,9350,9,1
SCIZZOR,The_Donald,888,3,1
SDsc0rch,The_Donald,2252,4,1
SJWbiggirlpanties,The_Donald,15273,24,1
SKIANI,The_Donald,3967,21,1
STARVE_THE_BEAST,The_Donald,1741,14,1
SagerToof,The_Donald,4396,19,1
SaintMichael,The_Donald,15499,23,1
SalTyHC,The_Donald,4730,29,1
Saltmineinspector,The_Donald,3173,4,1
SaltyDDDog,The_Donald,539,2,1
SamAdams76,The_Donald,16218,24,1
Samuel311fan,The_Donald,12474,42,1
SandroMacul,The_Donald,1578,8,1
SanitysLastRefuge,The_Donald,3160,8,1
SantaDonovan,The_Donald,6495,18,1
Sardogna,The_Donald,29351,2,1
Sarmaxel,The_Donald,766,8,1
SavagePandalol,The_Donald,2904,2,1
SchlangeHatRecht,uncensorednews,4409,20,1
SchlangeHatRecht,The_Donald,1803,27,2
SchlangeHatRecht,Our_Politics,251,11,4
SchlangeHatRecht,conspiracy,138,3,5
SchlangeHatRecht,uspolitics,127,43,6
SchlangeHatRecht,HillaryForPrison,113,2,7
SchlangeHatRecht,WikiLeaks,108,3,8
SchlongStrong,The_Donald,4345,13,1
ScipioSmash,The_Donald,2056,3,1
ScotHibb,The_Donald,3154,31,1
ScotHibb,politics,1648,19,2
ScotHibb,todayilearned,1194,7,3
ScotHibb,news,257,6,5
ScotHibb,pics,253,5,6
ScotHibb,pokemongo,192,6,7
ScottBlues,The_Donald,6875,3,1
Sean_Connor,The_Donald,788,5,1
SecretOfPseudo_Nimh,The_Donald,1777,44,1
Self_Descr_Huguenot,The_Donald,5632,3,1
Serg13128,The_Donald,4045,8,1
ShakingSquirrels,The_Donald,535,3,1
ShareThisMeme,The_Donald,42256,46,1
Shepyd,The_Donald,768,14,1
SheriffDonkey,SAVEBRENDAN,37593,10,1
SheriffDonkey,The_Donald,7012,15,2
ShinyMegaCharizardX,The_Donald,1960,2,1
Shitmemery,The_Donald,2984,3,1
ShogunExplosion,The_Donald,830,4,1
ShotBot,The_Donald,15737,45,1
SideofBeef2016,The_Donald,646,5,1
Sigrum,The_Donald,9013,13,1
SilenceDoGood27,The_Donald,1194,8,1
Silvermischief,The_Donald,839,2,1
Simi510,The_Donald,135840,220,1
Simi510,tulsi,847,2,2
Simi510,Political_Revolution,420,3,4
Simi510,WayOfTheBern,205,3,5
Simi510,WikiLeaks,137,2,6
Sinister_Dwarf,The_Donald,1951,2,1
SirSirob,AskReddit,1973,46,1
SirSirob,The_Donald,643,23,2
SirensAndCondolences,The_Donald,1109,20,1
Sisricthegreat,The_Donald,769,3,1
Skippyilove,The_Donald,8100,29,1
SkyBlueThink,The_Donald,4176,18,1
SkywalkerLives,The_Donald,1524,4,1
Sleeveharvey,The_Donald,8268,32,1
Sliding_In_Place,The_Donald,916,5,1
Slipperybutterb,The_Donald,2160,6,1
SmileCrackin,The_Donald,833,12,1
Smiracle,The_Donald,524,3,1
SmokeCrackWithMeBro,The_Donald,710,4,1
Smwbc,The_Donald,1930,74,1
SniffyClock,The_Donald,15824,22,1
Snowmittromney,The_Donald,4577,3,1
SnugMeatSocks,The_Donald,7206,21,1
SoapKitty,The_Donald,4663,35,1
Sodors_Finest_Poster,The_Donald,7398,9,1
SomeoneOnThelnternet,The_Donald,1417,2,1
Sonic_Master,The_Donald,523,2,1
Sophie277,The_Donald,876,3,1
SpaceDuckTech,The_Donald,790,4,1
Spez4Prez,The_Donald,1410,5,1
SpreadingFacts,The_Donald,509,3,1
SquanchMyFamily,The_Donald,763,6,1
StarDestinyGuy,The_Donald,13203,39,1
StatingTheObvious989,The_Donald,2140,7,1
StealthProxy,The_Donald,31176,17,1
Steve-2112,The_Donald,1625,7,1
SteveJohnson47,dankmemes,6968,4,1
SteveJohnson47,The_Donald,637,9,2
Steve_OH,The_Donald,4670,13,1
Stevie-7,The_Donald,2507,4,1
Stewpid,The_Donald,44251,88,1
Stewpid,ScienceUncensored,317,211,2
StupidFuckingAsshole,The_Donald,689,11,1
SubatomicSeahorse,The_Donald,4481,11,1
Sumido,The_Donald,1942,5,1
Sumido,Le_Pen,286,2,2
SunTzuMe,The_Donald,991,6,1
SuperBreakfast,classicalmusic,1127,10,2
SuperMagaMan,The_Donald,1033,11,1
Super_Pie,The_Donald,1807,3,1
Surefolks,The_Donald,1587,4,1
Sususu77,The_Donald,1151,4,1
SwampmanyPorksick,The_Donald,5506,142,1
SwimmingJunky,The_Donald,75326,68,1
SwimmingJunky,totalwar,378,9,2
Swooooooon,The_Donald,932,25,1
Synisive,The_Donald,666,4,2
Synisive,Conservative,116,4,4
Sys79,The_Donald,9294,2,1
THEJEWISHFISH,The_Donald,1480,4,1
TPH2S,The_Donald,615,2,1
TRUMPFORMAYOR1,The_Donald,3593,8,1
T_DWTF,The_Donald,504,9,1
T_Paine1776,The_Donald,546,9,1
TaffyTulip,The_Donald,2163,18,1
Tajikistan,The_Donald,5892,2,1
TakingCoats,The_Donald,22405,61,1
Taleric33,The_Donald,3646,25,1
Teflon_Don420,The_Donald,2818,8,1
Tekuta14,The_Donald,1402,2,1
TelAvivTrump,The_Donald,4250,7,1
Tempore_Vero,The_Donald,1221,6,1
TerdMic,The_Donald,12491,3,1
TestAcc007,The_Donald,2842,20,1
TexasFreedomFries,The_Donald,4179,4,1
TexasVet4Trump2,The_Donald,10098,11,1
ThatForbiddenTruth,The_Donald,3448,3,1
Thatman5454,The_Donald,4144,5,1
Thc_and_a_coffee_cup,The_Donald,4432,4,1
TheAzcension,The_Donald,21753,24,1
TheBaconStopsHere,The_Donald,1346,18,1
TheBambo,The_Donald,8436,3,1
TheBardMain,The_Donald,693,2,1
TheCNNDESTROYER,The_Donald,5585,6,1
TheCheetoBurrito,The_Donald,529,4,1
TheDeadBeatLebowski,The_Donald,5375,3,1
TheDon2016,The_Donald,598,8,1
TheFapIsUp,The_Donald,557,2,1
TheFucknards,The_Donald,12356,22,1
TheGeckoEcho,The_Donald,1237,2,1
TheGlassStone,The_Donald,2383,17,1
TheGreatRoh,The_Donald,13338,21,1
TheGreatRoh,Libertarian,4261,4,2
TheGreatRoh,Anarcho_Capitalism,297,2,3
TheGreatRoh,HillaryForPrison,221,2,4
TheGreatRoh,politics,174,2,5
TheGreatRoh,Physical_Removal,170,14,6
TheHandOfGodzilla,The_Donald,2433,2,1
TheSkybox,The_Donald,888,3,1
TheTopSnek,The_Donald,11842,18,1
TheTopSnek,ImGoingToHellForThis,3290,3,2
TheTopSnek,4chan,1530,5,3
TheTopSnek,ContagiousLaughter,1243,3,4
TheTopSnek,wallstreetbets,186,4,6
TheTopSnek,NSFWFunny,161,2,7
TheTrueHighScore,The_Donald,5042,2,1
TheUltimateQuaker,The_Donald,2092,33,1
TheUltimateQuaker,sjwhate,622,18,3
TheUltimateQuaker,uncensorednews,194,5,4
TheUltimateQuaker,The_Europe,187,6,5
TheXthDoctor,The_Donald,1004,2,1
The_Broba_Fett,The_Donald,1416,4,1
The_Tau_Nutrino,The_Donald,7307,10,1
The_Trevor,The_Donald,28335,23,1
The_Whole_Shebang,The_Donald,41175,203,1
Themissingnumbre,The_Donald,589,5,1
TheyKidnappedKanye,The_Donald,8825,33,1
This_There,The_Donald,3685,2,1
ThomasMaker,The_Donald,772,4,1
ThomasMaker,QuotesPorn,736,2,2
ThomasMaker,Showerthoughts,122,4,3
Thomas_Pink,The_Donald,844,7,1
ThreeFisted,The_Donald,1307,3,1
ThugLifeNewShit,The_Donald,15684,14,1
Timitz,The_Donald,1333,2,1
Timmy2skulls,The_Donald,6243,2,1
ToTheRescues,The_Donald,3150,16,1
ToadGazebo,The_Donald,11683,7,1
ToadGazebo,blackcats,154,2,2
TommyInvalid,The_Donald,5151,6,1
TommyOKe,The_Donald,1467,2,1
TommyThaCat,The_Donald,761,5,1
TonsOfSalt,The_Donald,13430,17,1
TonyVilla89,The_Donald,4663,4,1
Tony_Killfigure,The_Donald,915,3,1
Tony_Killfigure,Conservative,148,7,2
ToothPasteWater,The_Donald,8380,4,1
TopKekRevitalized,The_Donald,928,57,1
TopsyKret5,The_Donald,1230,5,1
TormundMembersOnly,The_Donald,591,5,1
Tossing_TRUTH_Rocks,The_Donald,689,42,1
TrUmPoCaLyPsEnOw,The_Donald,12546,16,1
Trainsandbrains,The_Donald,2093,16,1
TrappedLabRat,The_Donald,911,13,1
TrashCatTM,The_Donald,4847,7,1
Treedodger,The_Donald,1229,16,1
TrickingLadyLuck,The_Donald,610,11,1
TroubledTroubadours,The_Donald,1124,3,1
TrueBlue41,The_Donald,35631,108,1
TruePatriot23,The_Donald,1513,5,1
True_Story,The_Donald,1514,2,1
Trump-or-death,The_Donald,13973,110,1
TrumpCard20,The_Donald,1945,2,1
TrumpIsPatton,The_Donald,33127,48,1
TrumpOrTreason,The_Donald,1755,21,1
TrumpPOTUS45,The_Donald,4599,13,1
TrumpPence2037,The_Donald,601,5,1
TrumpPoster42,The_Donald,761,8,1
TrumpRapedBuzzFeed,The_Donald,1478,9,1
TrumpRules,The_Donald,1548,12,1
TrumpTrain009,The_Donald,3827,32,1
TrumpTrainee,The_Donald,507,3,1
Trump_InDa_Norf,The_Donald,1164,8,1
Trump_The_Triumphant,The_Donald,600,14,1
Trumpets22,The_Donald,5269,18,1
Trumpilicious777,The_Donald,11206,9,1
Trumpologist,The_Donald,6500,4,1
Trumposaurus,The_Donald,8081,3,1
Trumpsbbqtendies,The_Donald,3142,3,1
Trumpshaker,The_Donald,3136,5,1
Trumpshaker,The_DonaldBookclub,192,4,2
Trumptastic88,The_Donald,6764,6,1
TruthAficionado,NoMansSkyTheGame,106,3,2
TruthSeeker1776,The_Donald,1550,22,1
Truth_in_TX,The_Donald,661,4,1
TsuGhoul,The_Donald,1172,2,1
TurboTrump,The_Donald,13786,12,1
Turd_Ferguson042,The_Donald,1693,6,1
TurkishPrisoner,The_Donald,3942,8,1
Twist3dTransistor,The_Donald,4829,5,1
TwoCatzOnePussy,The_Donald,636,9,1
Ulahman,The_Donald,6385,6,1
Ulfigo,The_Donald,5906,6,1
UltimateCyclone,The_Donald,6630,2,1
Ultra_Patriot,The_Donald,1134,2,1
UnCucker_Tarlson,The_Donald,832,18,1
Unbiased_Commenter,The_Donald,151444,36,1
UncleDoucheBag,The_Donald,5358,22,1
Uncle_Skeeter,The_Donald,7187,4,1
Undertakerted,The_Donald,592,7,1
UnicornMoonPie,The_Donald,4923,29,1
Unpopular-Idea-Guy,The_Donald,1148,13,1
UnstumpableTrumps,The_Donald,2594,5,1
UsedAnalBead,The_Donald,704,3,1
Useful_Vidiots,The_Donald,1519,34,1
UtopiaFrenzy,The_Donald,1424,8,1
Uxbridge42,The_Donald,907,17,2
V00D00Doll,The_Donald,7448,34,1
Vach22,The_Donald,9939,2,1
VacuumViolator,The_Donald,1258,3,1
Vadersmokes,The_Donald,4112,2,1
VanillaSkyHawk,dankmemes,66504,132,1
VanillaSkyHawk,dankchristianmemes,6136,3,2
VanillaSkyHawk,The_Donald,5321,3,3
VanillaSkyHawk,ImGoingToHellForThis,2056,7,4
VanillaSkyHawk,wholesomememes,169,3,6
Vapourface,The_Donald,1394,8,1
Vicious43,The_Donald,26737,96,1
Vicious43,atheism,103,7,2
VictoriousDeplorable,The_Donald,37912,65,1
VintageOG,The_Donald,543,2,1
Vintage_Kron1c,The_Donald,903,2,1
VoteRepublicanAgain,The_Donald,3830,9,1
VulgariansAtTheGate,The_Donald,1640,17,1
WTCMolybdenum4753,The_Donald,12041,116,1
WTCMolybdenum4753,conspiracy,386,9,2
WaitingOnTheDay,The_Donald,1422,10,1
WallContractor,The_Donald,1724,2,1
WeAreGonnaMAGA,The_Donald,751,5,1
WereGoingToWinWinWin,The_Donald,767,6,1
Wfdeacon88,The_Donald,34319,29,1
WhoDatNoy,The_Donald,3096,6,1
WhoDatNoy,ImGoingToHellForThis,2618,4,2
WhoDatNoy,pics,175,4,5
WhyNotThinkBig,The_Donald,5496,20,1
WhyNotThinkBig,AskThe_Donald,131,6,2
Wikihow0312,The_Donald,1403,19,1
Wikihow0312,politics,371,6,2
WildFunkyFresh,The_Donald,5087,25,1
WilliamJohn96,The_Donald,2984,9,1
Williean,The_Donald,1094,12,1
Willybud,The_Donald,7205,14,1
WindyCityBluez,The_Donald,3349,31,1
WinterLaces,The_Donald,2616,18,1
Wise_Batta,The_Donald,14119,18,1
WithANameLikeThat,The_Donald,2285,7,1
WokieOkie,The_Donald,2342,4,1
Woodenspurs,The_Donald,6731,13,1
Wooganotti,The_Donald,2652,3,1
WudupCuckBoii,The_Donald,5182,8,1
YESCANADIAN,The_Donald,120601,58,1
YESCANADIAN,HillaryMeltdown,482,2,2
YOLOSwag_McFartnut,The_Donald,32516,2,1
Yan_Vals,The_Donald,735,2,1
Yanrogue,The_Donald,9720,19,1
YeowBitch,The_Donald,12988,46,1
YesImAnAddict,The_Donald,1244,2,1
Yolo20152016,The_Donald,502,11,1
YouKnwNthgJonSnow,The_Donald,8767,14,1
YuugeNews,The_Donald,504,3,1
ZSSGaming,The_Donald,5642,8,1
ZSSGaming,ImGoingToHellForThis,1551,5,2
Zadkielred,The_Donald,18573,126,1
ZeStumpinator,The_Donald,8926,14,1
ZeStumpinator,sjwhate,2698,10,2
ZeframCochrane-,AdviceAnimals,11670,15,1
ZeframCochrane-,The_Donald,2103,10,2
ZekeUSMC0844,The_Donald,4624,2,1
Zeke_Freak_,The_Donald,1326,2,1
Zerg_RushaLot,The_Donald,7370,3,1
ZeroZuluBravo,The_Donald,12967,66,1
ZiggyStrife,The_Donald,5206,22,1
Ziggywag,The_Donald,2433,26,1
ZippyTheChicken,The_Donald,4247,13,1
Zmxm,The_Donald,3390,2,1
ZoticusTurpin,The_Donald,2925,11,1
_Boba_Fett,The_Donald,27829,10,1
_Boba_Fett,StarWars,4586,9,2
_Boba_Fett,SWGalaxyOfHeroes,308,15,4
_Boba_Fett,h3h3productions,124,2,5
_Cabal_,The_Donald,12373,13,1
_D80Buckeye,The_Donald,2073,6,1
_Decimation,The_Donald,9051,9,1
_Decimation,teenagers,232,2,2
_Donald-Trump_,The_Donald,3571,13,1
_George_Costanza_,The_Donald,529,6,1
_Papa_Franku_,The_Donald,1484,7,1
_Papa_Franku_,meirl,396,3,2
_Trigglypuff_,The_Donald,10659,29,1
_X075_,The_Donald,4035,3,1
__TRUMP,The_Donald,45126,82,1
___F___U___C___K___U,The_Donald,10830,6,1
_fuckallofyou_,The_Donald,809,5,1
_papi_chulo,The_Donald,1917,9,1
_yungjeezy,The_Donald,1027,3,1
a_dose_of_reason,The_Donald,7354,2,1
a_reddit_odyssey,The_Donald,755,2,1
a_superior_man,The_Donald,2760,6,1
abadi,HillaryForPrison,2835,2,1
abadi,The_Donald,1067,3,2
abadi,uncensorednews,330,6,3
abadi,Economics,121,2,4
absentblue,The_Donald,2269,8,1
acacia-club-road,The_Donald,774,7,1
acacia-club-road,fantasyfootball,336,2,2
acacia-club-road,law,144,8,3
ageinappropriate,The_Donald,581,2,1
ahahtheoriginaljoke,The_Donald,1202,6,1
aidsfish,The_Donald,2435,2,1
ajbenius,The_Donald,3072,23,1
akaNAPE,The_Donald,897,3,1
aleimira,The_Donald,1729,58,1
alienbrayn1,The_Donald,1192,18,1
allenthird,The_Donald,663,2,1
allyoucanyeetbuffet,The_Donald,644,10,1
alown,The_Donald,1626,7,1
alpha2224,The_Donald,1205,2,1
alphabetcereal,The_Donald,12599,13,1
alphacentipede,The_Donald,3832,7,1
american16,The_Donald,539,9,1
andhakanoon,The_Donald,1689,6,1
andrejw,The_Donald,4149,17,1
andrejw,metacanada,195,4,2
anorganicbear,The_Donald,1562,23,1
anorganicbear,RightwingLGBT,433,12,2
another-reddit-guy,The_Donald,1515,69,1
aoflex1,The_Donald,714,6,1
applextrent,The_Donald,1670,4,1
applextrent,conspiracy,268,4,2
archangel09,The_Donald,8049,5,1
are_you_sure__,The_Donald,52286,140,1
armedtetrapod1,The_Donald,1831,2,1
arrkaybutter,The_Donald,40514,101,1
article10ECHR,The_Donald,1328,6,1
attohs,The_Donald,1938,8,1
attohs,The_Dennis,1796,7,2
attohs,gaybrosgonemild,245,3,3
auggee88,The_Donald,13566,7,1
austhrow1234,The_Donald,1090,2,1
austintaps,The_Donald,8521,5,1
aveydey,The_Donald,636,7,1
awwwwwwman,The_Donald,35236,28,1
ayan000,The_Donald,820,11,1
az116,The_Donald,2129,3,1
aznhomig,The_Donald,2636,4,1
b0ard2death,The_Donald,769,3,1
babaloogie,The_Donald,819,7,1
baconthunder,The_Donald,813,3,1
badcompanygg,The_Donald,3350,15,1
bane187,The_Donald,797,2,1
baptized-in-mercury,The_Donald,639,3,1
barrygibbFan,The_Donald,1056,20,1
basedBlumpkin,The_Donald,569,15,1
basedbackwoods206,The_Donald,554,16,1
basedpede1337,The_Donald,6315,14,1
basedpede1337,politics,1300,15,2
bb0589,The_Donald,1099,32,1
bd33,The_Donald,8175,2,1
bdstwin,The_Donald,1327,12,1
beachjeep,The_Donald,846,6,1
beardedclamfeeder,The_Donald,2430,24,1
beardedclamfeeder,the_frauke,1453,50,2
becuzyoudbeinjail,The_Donald,892,9,1
belladorre,The_Donald,3797,11,1
bender3600,The_Donald,2030,6,1
benedictFocker,The_Donald,587,11,1
beretta92pede,The_Donald,4425,2,1
berniesandershusband,The_Donald,3644,3,1
bestbiff,The_Donald,2307,20,1
beta_white_male,The_Donald,20164,85,1
betany,The_Donald,20751,4,1
bigdaddyshlongdong,The_Donald,705,8,1
bionichydra,The_Donald,16197,2,1
birdlady4trump,The_Donald,9079,18,1
birdlawyer85,The_Donald,5684,10,1
birdupbitches,The_Donald,10414,12,1
bisquemix,The_Donald,2312,3,1
bitterwon,The_Donald,1255,5,1
black-me-out,The_Donald,10985,3,1
blackburrow_gnoll,The_Donald,4368,18,1
blackmoose,The_Donald,1395,2,1
blackycircly,The_Donald,5136,2,1
blank_dota2,The_Donald,555,2,1
blapenstein,The_Donald,1979,4,1
blue_suede_shoes_,The_Donald,39754,49,1
blueberriesnpancakes,The_Donald,1333,3,2
bluemexico,The_Donald,1453,8,1
bluntedaffect,The_Donald,2106,2,1
boredrandomguy,The_Donald,707,3,1
bourne_legacy,The_Donald,746,54,1
bozo-dicktoot,The_Donald,1814,4,1
bpw6,The_Donald,1806,10,1
breadbox18,The_Donald,3378,54,1
brenwolf,The_Donald,1758,3,1
brikkwall,The_Donald,1521,5,1
broomy82,The_Donald,1451,4,1
bruinboy86,The_Donald,55033,62,1
buzzly6,The_Donald,1721,14,1
buzzly6,HillaryForPrison,1041,2,2
buzzly6,HillaryMeltdown,111,2,3
buzzly6,news,104,9,4
byebyehillary,The_Donald,776,9,1
byrne206,The_Donald,610,2,1
bytemuncher,The_Donald,7412,3,1
cabinfervor,The_Donald,660,2,1
callmemoonlight,LateStageCapitalism,13721,3,1
callmemoonlight,The_Donald,12669,10,2
callmemoonlight,ArianaGrande,489,3,4
canadian1987,The_Donald,5496,6,1
candylotus,The_Donald,10404,9,1
captaindonn,The_Donald,604,10,1
carpedonktum,The_Donald,1754,5,1
cbarto4,The_Donald,1722,6,1
cbdexpert,The_Donald,7981,4,1
cdwolfe21,The_Donald,6905,3,1
cessnaboy172,The_Donald,1434,2,1
chainsawx72,The_Donald,4338,24,1
charlieXsheen,The_Donald,3337,6,1
charmed2,The_Donald,1258,12,1
cheesedog1103,The_Donald,19428,60,1
cheesedog1103,JoeRogan,115,4,2
chefjeffb,The_Donald,100733,47,1
chew_soap,The_Donald,1486,4,1
chkdg8,The_Donald,1515,2,1
chobbo,The_Donald,576,23,1
chrizbellako,The_Donald,1179,2,1
churromanspicy,The_Donald,6449,52,1
cilantroavocado,The_Donald,7209,6,1
climbingbuoys,The_Donald,680,6,1
closetmonk,The_Donald,611,3,1
cmiller84,The_Donald,2447,12,1
coachbradb,The_Donald,2382,8,1
coastdweller69,The_Donald,10317,9,1
comcast_ebola_tyson,The_Donald,6180,3,1
compromisenotruth,The_Donald,3929,117,1
conantheking,The_Donald,2890,78,1
conantheking,uncensorednews,209,6,2
cookiecutterhipster,The_Donald,2106,10,1
cornellthrowaway1,The_Donald,926,2,1
coupdetaco,The_Donald,62826,268,1
coupdetaco,sjwhate,8967,191,2
crazy_woo,The_Donald,1899,42,1
creed_bratton_,The_Donald,8657,4,1
cremationflavoredgum,The_Donald,1131,5,1
crissal,The_Donald,622,7,1
crosbay,The_Donald,925,6,1
crypticalfish86,The_Donald,2771,2,1
cubsnauce,The_Donald,523,18,1
cuminme69420,The_Donald,662,3,2
curlytoot,The_Donald,2596,17,1
cykalone,The_Donald,508,9,1
cynicsrising,The_Donald,8249,46,1
czht,The_Donald,27194,5,1
dahle44,The_Donald,3752,18,1
dan42183,The_Donald,2470,14,1
dankgoofster,The_Donald,2700,7,1
dasjewhunter,The_Donald,2484,8,1
davidborg222,The_Donald,656,3,1
davidcroom,The_Donald,4149,3,1
dcred123,The_Donald,1298,7,1
dd416,The_Donald,714,12,1
deadfermata,The_Donald,830,4,1
deebeezkneez,The_Donald,3917,4,1
deezy-d15,The_Donald,2962,6,1
delokii,The_Donald,6271,16,1
delokii,undelete,305,2,2
demon92dc,The_Donald,40198,7,1
deplorabetty,The_Donald,510,6,1
deplorablecanadian,The_Donald,2102,2,1
designworksgarage,The_Donald,1660,61,1
devinsmith96,The_Donald,5937,3,1
diebesteperson,The_Donald,2756,3,1
dlandau10,The_Donald,1956,4,1
dodosenpai,Kappa,188,3,3
dont_be_low_energy,The_Donald,4287,13,1
doognmad2,The_Donald,1352,10,1
doubleduty,The_Donald,617,8,1
dparks2010,The_Donald,5769,4,1
dr4g0n01,The_Donald,1022,8,1
dragonphlegm,The_Donald,773,15,1
dropshotlegend,The_Donald,8496,11,1
duallyford,The_Donald,3184,3,1
duddenmadder,The_Donald,588,4,1
dudmun,The_Donald,1392,3,1
duraveritatem,The_Donald,7613,2,1
duttyman45,The_Donald,4047,9,1
dylanboyd,The_Donald,4864,17,1
dylanboyd,2007scape,217,2,2
dylanboyd,MGTOW,181,4,3
e39dinan,The_Donald,4257,24,1
eGOTheJudge,The_Donald,6346,24,1
easye2889,The_Donald,2149,5,1
edu979,The_Donald,546,4,1
einjzmolf,The_Donald,1619,3,1
einmalkreuzzugbitte,The_Donald,8868,3,1
elchupanibre5,The_Donald,579,2,1
electromotivediesel,The_Donald,31340,4,1
electroze,The_Donald,5081,21,1
elevenoneone,The_Donald,2378,2,1
ella101,The_Donald,1392,15,1
emkat,The_Donald,1818,5,1
endurion,The_Donald,1929,3,1
enjoycapitalism,The_Donald,822,4,1
enthusiasmdna,The_Donald,598,3,1
erusch18,The_Donald,1248,8,1
estrand03,The_Donald,1578,13,1
etf88,The_Donald,3789,8,1
evilhillary,The_Donald,24919,17,1
evilrussianhacker,The_Donald,5304,2,1
evoken1,pic,984,2,3
evoken1,DotA2,613,2,4
evoken1,shitpost,186,2,6
f4f4f4f4f4f4,The_Donald,6056,3,1
faffies,The_Donald,2019,2,1
fantasy939393,The_Donald,1155,7,1
fapthepolice,The_Donald,32367,2,1
fastdak25,The_Donald,713,18,1
fastmandan,The_Donald,2527,31,1
fedcba7,The_Donald,9667,2,1
feeltheB3RNforTRUMP,The_Donald,1389,9,1
fffhh,The_Donald,2524,15,1
finalin,The_Donald,1175,4,1
finalin,WikiLeaks,297,3,3
finalin,conspiracy,144,2,5
finalin,syriancivilwar,115,5,6
fitzrays,The_Donald,1150,6,1
flaxamax,The_Donald,2055,7,1
foamy10,The_Donald,6408,2,1
folkov,The_Donald,127550,21,1
footballmidget,The_Donald,5045,2,1
forrealabiggorilla,The_Donald,549,6,1
fourredfruitstea,The_Donald,1439,3,1
fourstrokeengine,The_Donald,1560,31,1
francois-,The_Donald,506,8,1
freedmason,conspiracy,805,6,2
freedmason,Intelligence,111,3,4
freedomandkek,The_Donald,954,12,1
freetvs,The_Donald,2038,7,1
freetvs,ReclaimTheHolyLand,388,3,2
freewayricky12,WikiLeaks,30329,41,1
freewayricky12,The_Donald,20890,11,2
freewayricky12,DNCleaks,1059,2,3
friendrix1,The_Donald,1461,6,1
frizzaks,The_Donald,2530,8,1
fuckedchildhood,The_Donald,5223,9,1
fux_wit_it,The_Donald,1808,2,1
fwc2014,The_Donald,20409,17,1
galllfrey,The_Donald,11684,7,1
gameplayviewer,technology,12579,70,1
gameplayviewer,The_Donald,1262,9,2
garbagetime01,The_Donald,3776,5,1
gclem16,The_Donald,3221,3,1
geek_loser,The_Donald,702,2,1
geezerrox,The_Donald,1427,3,1
gekkozorz,KotakuInAction,11868,4,1
gekkozorz,The_Donald,2298,7,2
generic_nerd96,The_Donald,9239,4,1
georgeorgeg,The_Donald,131711,341,1
georgeorgeg,Le_Pen,777,3,2
georgeorgeg,WikiLeaks,403,5,3
georgeorgeg,formula1,346,7,4
georgeorgeg,Piracy,248,4,5
georock,The_Donald,9775,4,1
gergely913,gaming,3885,2,1
gergely913,The_Donald,2933,7,2
gfddfgu,The_Donald,705,11,1
ghee99,The_Donald,558,19,1
ghostofpennwast,nottheonion,2734,2,1
ghostofpennwast,The_Donald,1583,21,2
ghostofpennwast,politics,549,20,3
ghostofpennwast,business,488,4,4
ghostofpennwast,nyc,327,6,5
ghostofpennwast,texas,228,2,6
ghostofpennwast,lostgeneration,214,5,7
ghostofpennwast,China,183,5,9
ghostofpennwast,conspiracy,177,7,10
ghostofpennwast,Economics,172,8,11
ghostofpennwast,SandersForPresident,108,2,13
ghostofpennwast,florida,104,6,14
ghosttownshutin,The_Donald,1021,3,1
giantbollocks,The_Donald,8585,17,1
gilkman,The_Donald,6402,7,1
gillymead,The_Donald,7041,78,1
gilroyvampire,The_Donald,2817,44,1
giroux28_,The_Donald,2779,2,1
globalism_sux,The_Donald,2134,2,1
gmousasi,The_Donald,33512,6,1
go_get_ya_shinebox,The_Donald,3277,6,1
goboinouterspace,The_Donald,735,10,1
golden430,technology,64494,42,1
golden430,worldnews,19103,61,2
golden430,gadgets,9578,6,3
golden430,politics,4893,10,4
golden430,The_Donald,4723,310,5
golden430,apple,1504,6,6
golden430,news,1427,16,7
golden430,space,874,3,8
golden430,unitedkingdom,703,6,9
gonelegit,The_Donald,8855,13,1
goodboypointaddict,The_Donald,555,5,1
goraiasu,The_Donald,827,2,1
grabembytheyounowut,The_Donald,1316,4,1
greathearted,The_Donald,2205,9,1
greylove,The_Donald,5532,2,1
guaje069,The_Donald,4109,7,1
gunnm001,The_Donald,742,5,1
gwardhome,The_Donald,2543,10,1
halfpastnoonan,The_Donald,535,6,1
happyfave,The_Donald,6304,8,1
hardcorebrowser,The_Donald,511,18,1
harrijuana,The_Donald,3332,153,1
harryk94,The_Donald,9159,8,1
haus_69,The_Donald,8779,4,1
hazre1,The_Donald,3877,2,1
hazre1,me_irl,2340,7,2
heathen211,The_Donald,1174,2,1
hennny,The_Donald,9259,2,1
hgl1998,The_Donald,1230,2,1
hiYUN7,The_Donald,6452,2,1
highenergywinning,The_Donald,1717,40,1
hillary4prisondent,The_Donald,2108,22,1
hillary_for_hell,The_Donald,2538,7,1
hillaryisgoingdown,The_Donald,7676,5,1
hillaryprison,The_Donald,3460,11,1
horizanon,The_Donald,1237,27,1
horizanon,HillaryForPrison,688,2,2
horizanon,Our_Politics,378,33,3
horizanon,conspiracy,151,13,4
horseradishking,thesims,402,3,2
hotcheesepizza,The_Donald,34978,6,1
howdydoodledee,The_Donald,1616,10,1
howgreatwouldyoube,The_Donald,1635,2,1
hrod2017,The_Donald,4423,4,1
huangjinyoujiao,The_Donald,17158,5,1
i3v5sx,The_Donald,14351,8,1
iKoshee,The_Donald,5777,8,1
iMassakre,The_Donald,1488,3,1
iamHenryVIII,The_Donald,8597,23,1
iamnotfromtexas90,The_Donald,892,6,1
ibelieveinthedonald,The_Donald,6131,25,1
icouldhavehaditall,The_Donald,1679,3,1
ifixworkingtoasters,The_Donald,38994,21,1
ikeepgettingbanned4,The_Donald,886,6,1
iknowcisco,The_Donald,27723,68,1
ilikegirlz,The_Donald,6126,2,1
illumiNati112,The_Donald,556,5,1
ilovepumpkin,The_Donald,2086,4,1
iltdiTX,The_Donald,8457,22,1
in00tj,The_Donald,3576,4,1
infowarsdotcomfan,The_Donald,4582,61,1
innovativerush,The_Donald,5415,7,1
internetmaster5000,The_Donald,3687,4,1
iotaxyz,The_Donald,1309,5,1
jaaardstyck,The_Donald,3384,10,1
jarajams,The_Donald,1117,11,1
jared23,The_Donald,13789,2,1
jay_b00gie,The_Donald,3419,13,1
jbeverlygreene,The_Donald,2691,39,1
jbrees,The_Donald,2782,5,1
jburgers127,The_Donald,3419,7,1
jcdausch,The_Donald,521,12,1
jesseale,The_Donald,14693,60,1
jesusbob,The_Donald,10854,7,1
jhouston85,The_Donald,1315,10,1
jillaryclit3456,The_Donald,5892,8,1
jillaryclit3456,uncensorednews,5033,7,2
jjmikemike,The_Donald,5065,7,1
jjordan0615,The_Donald,5286,4,1
jlabs23,funny,1104,2,3
jmaguire24,The_Donald,2450,12,1
joebaseball3,The_Donald,4686,3,1
joeyblueeyes81,The_Donald,8116,2,1
john706,The_Donald,852,7,1
johnpershing,The_Donald,3213,3,1
johnslegers,The_Donald,2253,118,1
johntiler,The_Donald,1146,2,1
joker68,The_Donald,56576,262,1
jonsnow29292,The_Donald,760,2,1
jontyllis,The_Donald,524,3,1
jop2015,The_Donald,794,11,1
judgeshawpk,The_Donald,686,14,1
jugenbund,The_Donald,5169,4,1
juicedagod,The_Donald,919,3,1
just-a-lurk3r,The_Donald,6322,3,1
just_s0me_guy2,The_Donald,5908,5,1
justcause2016,The_Donald,556,13,1
justmenowandlater,The_Donald,5211,2,1
k-sci,The_Donald,48212,228,1
kanyefan125,The_Donald,13198,17,1
karmalkorn,The_Donald,3095,5,1
kat_on_the_carpet,The_Donald,634,4,1
katherinethedonovan,The_Donald,8874,31,1
keeptahoeblue09,The_Donald,14982,66,1
kennys_logins,The_Donald,2433,10,1
kennys_logins,WayOfTheBern,122,4,3
khrich01,The_Donald,3409,2,1
kidzior,The_Donald,4108,6,2
kng2008,The_Donald,1612,12,1
koolmagicguy,The_Donald,1036,4,1
lairdhenn,The_Donald,5144,2,1
lamarc_gasolridge,The_Donald,3568,12,1
landontbr,The_Donald,30094,10,1
larrythelurker28,The_Donald,6861,2,1
lateral_us,The_Donald,6637,2,1
latinolizards4trump,The_Donald,8238,4,1
laydownlow,The_Donald,569,22,1
ldanwill,The_Donald,662,8,1
leenaraven,The_Donald,2364,37,1
leopoldmedley,The_Donald,2790,18,1
leopoldmedley,CringeAnarchy,798,2,2
letsmakemaga,The_Donald,2372,20,1
letspaintitred,The_Donald,9933,24,1
liftislyfe,The_Donald,15328,21,1
lilbuddyy,The_Donald,2499,8,1
lilbuddyy,redacted,368,4,2
liquidfence,The_Donald,6523,10,1
littlemrscg,The_Donald,1163,5,1
llIllIIlllIIlIIlllII,The_Donald,9891,8,1
ll_Atlanta_ll,conspiracy,1068,2,1
ll_Atlanta_ll,The_Donald,527,3,2
lobster_zoidberg,The_Donald,4343,4,1
lola_at_large,The_Donald,566,9,1
lolzsupbrah,The_Donald,4859,2,1
lord-helmet,The_Donald,1769,3,1
lordbusterofnuts,woofbarkwoof,442,3,2
lordofthebeef,The_Donald,5084,6,1
loyaltyrusty,The_Donald,761,34,1
ltlgrnrobot,The_Donald,931,14,1
luigivampa-over9000,The_Donald,34210,10,1
lulululz,The_Donald,1195,7,1
lurking4trump,The_Donald,13634,11,1
lurkwellmyfriends,The_Donald,7284,10,1
luvbuniz,The_Donald,1766,7,1
lydiarodarte,The_Donald,1515,17,1
macredsmile,The_Donald,24715,445,1
maesterschmu,The_Donald,8958,4,1
maga_lyagushka,The_Donald,11065,14,1
maga_magical,The_Donald,18747,11,1
maga_nrg_man,The_Donald,1389,35,1
maggi2929,The_Donald,2236,11,1
magicman1331,The_Donald,10867,2,1
majorchamp,The_Donald,4812,16,1
make_reddit_great,The_Donald,12413,16,1
malana680,The_Donald,2116,24,1
malana680,worldnews,102,9,2
malioswa,The_Donald,23882,46,1
malvor11,The_Donald,1757,13,1
malvor11,tucker_carlson,250,3,2
mapandterritory,The_Donald,1161,7,1
martonmagyar,The_Donald,5630,7,1
mashed_pertaters,The_Donald,3488,18,1
master_jeriah,The_Donald,996,10,1
mathematics_tutor,The_Donald,1747,13,1
matty_g,The_Donald,2695,14,1
mboutros,The_Donald,1621,2,1
mcct12,The_Donald,2550,8,1
mediaisDUMB,The_Donald,734,55,1
medic30420,The_Donald,6439,2,1
meltthesnowflakes,The_Donald,22104,41,1
memesoldier,The_Donald,9693,6,1
mercynurse,The_Donald,3821,86,1
merrrrrbas,The_Donald,524,9,1
metallica5,The_Donald,705,16,1
michael2527,The_Donald,1688,9,1
michaeljaccarino,news,481,2,2
mikemdw12,The_Donald,5978,5,1
mikeroolz,The_Donald,22899,50,1
misu25,The_Donald,6902,2,1
mivvan,The_Donald,2288,6,1
mking6543,The_Donald,4695,6,1
mmm_bacon_,The_Donald,4243,5,1
mmmmpt,The_Donald,42352,179,1
mmmmpt,news,24915,3,2
moa_alaa,The_Donald,1248,6,1
mockyovelli,The_Donald,3379,9,1
moesshrute22,The_Donald,7363,4,1
moldyberry,Eve,288,2,2
momsbasement420,The_Donald,8600,4,1
monstermandango,The_Donald,5897,41,1
moocheeme,The_Donald,4316,36,1
mopfacetitanium,The_Donald,870,2,1
moroniunit,The_Donald,1210,12,1
mostclever_184,The_Donald,636,8,1
motoxman,The_Donald,16404,2,1
mr-gem-524,The_Donald,5007,9,1
mr-gem-524,puns,3510,5,2
mr-gem-524,RightwingLGBT,144,3,3
mrPoorRichard,The_Donald,939,68,1
mrbossman123,The_Donald,535,6,1
mrdarkshine,The_Donald,4227,11,1
mrjordann,The_Donald,14435,14,1
mrjordann,The_Gaben,104,3,2
mroreo328,The_Donald,561,2,1
mrstickball,The_Donald,7811,2,1
muggerfugger,The_Donald,1784,4,1
muxia,The_Donald,2072,17,1
mvlazysusan,The_Donald,950,14,1
mwmwmwmwmmdw,The_Donald,5101,5,1
mwmwmwmwmmdw,fo4,1912,2,2
mwmwmwmwmmdw,youtubehaiku,1456,2,3
mwmwmwmwmmdw,canada,1446,5,4
mwmwmwmwmmdw,canadaguns,120,3,10
myheadhearst,The_Donald,3208,20,1
myredditaccount222,The_Donald,617,3,2
mythstified,The_Donald,3553,27,1
n00bMLG,The_Donald,514,9,1
narcedmonkey,The_Donald,502,3,1
nate4761,The_Donald,2136,27,1
nerfAvari,The_Donald,1431,22,1
nerfherdingcat,The_Donald,16738,22,1
nero2003,The_Donald,1214,7,1
netsql,The_Donald,26628,92,1
new_leaf32,The_Donald,686,2,1
newbieatthegym,The_Donald,14218,5,1
newhorseman,The_Donald,1061,16,1
newhorseman,HillaryForPrison,117,2,2
newusernamereddit,The_Donald,6241,3,1
neyymarr,The_Donald,2476,8,1
nimble_navigator15,The_Donald,16740,6,1
nixchix,The_Donald,4028,23,1
nlogaxxx,The_Donald,4072,14,1
noocar,The_Donald,874,7,1
noocar,dankmemes,162,2,2
northernwinds,The_Donald,931,2,1
not__banksy,The_Donald,4595,31,1
notagayguy69,AskThe_Donald,147,3,2
notmegaming,The_Donald,4280,49,1
notsurewhatiam,girlsinyogapants,1515,2,2
notsurewhatiam,The_Donald,743,11,4
notsurewhatiam,funny,619,2,5
notsurewhatiam,Celebs,114,2,7
nrrfesvrdg,The_Donald,2663,2,1
ntheg111,The_Donald,36382,21,1
ntheg111,ImGoingToHellForThis,486,2,3
nukeHugsParticleLuvs,The_Donald,782,18,1
nullnilptr,The_Donald,23650,7,1
numberonejerkoff,The_Donald,5784,2,1
nwainil,The_Donald,611,5,1
nwurm,The_Donald,505,8,1
o1ekingcole,The_Donald,10440,14,1
oBG1984,The_Donald,1238,11,1
obamacompletefraud,The_Donald,26597,517,1
obzeus,The_Donald,2857,44,1
oc4trump,The_Donald,2754,3,1
ocobhthaigh,The_Donald,1995,3,1
ocxergalen,The_Donald,12599,4,1
ogbubbaclark,The_Donald,1136,6,1
ogmk,The_Donald,548,9,1
ohdonchaknow,The_Donald,2902,51,1
oilsooner,The_Donald,5679,4,1
oneUnit,The_Donald,994,6,1
onewalleee,The_Donald,8194,6,1
onewalleee,the_book,109,2,2
opera207,The_Donald,10779,9,1
optiongeek,The_Donald,693,3,1
orbzel,The_Donald,656,9,1
outfor1,The_Donald,48994,17,1
over9000nukez,The_Donald,4208,2,1
overhitting,The_Donald,2457,10,1
owlcreekbridge,The_Donald,3116,2,1
padishar,The_Donald,1153,13,1
pancakees,The_Donald,732,10,1
pancakeman96,ImGoingToHellForThis,857,2,1
pancakeman96,The_Donald,577,9,2
patch_7-8-9,anime_irl,14743,12,1
patch_7-8-9,The_Donald,6465,2,2
patch_7-8-9,hentai_irl,2059,7,3
pathological_liar__,The_Donald,2390,6,1
pcvcolin,The_Donald,540,22,1
pedro4pres,The_Donald,5716,3,1
pendulumislander,The_Donald,1000,2,1
pepefriedmybrain,The_Donald,1122,2,1
pepepupil,The_Donald,3011,16,1
persistent_derp,The_Donald,2862,33,2
persistent_derp,Suomi,581,16,3
peter_dankman,The_Donald,5508,14,1
petrolfanatic,The_Donald,7364,9,1
pharmacyman848,The_Donald,799,9,1
pheat0n,The_Donald,23086,165,1
philly_4trump,The_Donald,11004,6,1
phillycowboy,The_Donald,7259,18,1
phillyfool88,The_Donald,515,24,1
physician4trump,The_Donald,1493,19,1
pina_colada94,The_Donald,8030,2,1
pinkocommiegreen,The_Donald,722,9,1
pinkyzup,The_Donald,622,7,1
pipeb0mb,The_Donald,11212,11,1
pipeb0mb,conspiracy,577,4,2
platronics,The_Donald,15890,4,1
plaxicoburress69,The_Donald,11253,2,1
plotagon,The_Donald,709,10,1
pm_me_alf_pictures,The_Donald,1356,16,1
pnwfreedom,The_Donald,19695,5,1
poetech,The_Donald,4127,21,1
polar-alpines,The_Donald,10211,20,1
poliphilosophy,The_Donald,5346,8,1
popsathome,The_Donald,1715,7,1
portlis,The_Donald,10328,15,1
potatoyou,The_Donald,1253,8,1
professorbobcat,The_Donald,978,10,1
protonwiz,The_Donald,2898,26,1
qaaqa,The_Donald,20227,118,1
qaaqa,conspiracy,454,6,2
r0kuro,The_Donald,4480,6,1
raazula,The_Donald,1819,2,1
racemark,The_Donald,1526,12,1
raf-owens,The_Donald,9367,2,1
raffitaffy26,The_Donald,3094,10,1
rallyinred,The_Donald,3176,23,1
ram2414,The_Donald,1417,16,1
raptor7354,The_Donald,543,2,1
rareunlimited,The_Donald,982,5,1
ready2maga,The_Donald,5243,16,1
realjwats,The_Donald,897,13,1
reddithater12,The_Donald,4307,3,1
reddithater12,syriancivilwar,516,10,2
reddithater12,de,209,16,3
reddithater12,SyrianCirclejerkWar,118,10,4
redneb94,The_Donald,1672,4,1
rempred,The_Donald,62645,5,1
richardleosimones,The_Donald,4634,69,1
rickroalddahl,The_Donald,1239,8,1
ricktrillion,The_Donald,34792,10,1
rickywoo,The_Donald,10434,2,1
ricolah,The_Donald,14481,20,1
ricolah,conspiracy,677,6,2
ricolah,DNCleaks,536,6,3
ricolah,HillaryForPrison,217,2,4
right_mind_mechanic,The_Donald,9002,4,1
rightc0ast,The_Donald,9879,2,1
rintol,The_Donald,922,54,1
riograndekingtrude,The_Donald,1037,25,1
rk800,The_Donald,786,11,1
rmnfcbnyy,The_Donald,18903,8,1
rn10950,The_Donald,1207,2,1
robaco,The_Donald,7927,2,1
rolexthewonderdog,The_Donald,9215,70,1
ronhere,The_Donald,3152,28,1
ronpak,The_Donald,3878,8,1
rooozo,The_Donald,21917,11,1
rsashe1980,The_Donald,32875,6,1
rudolf323,The_Donald,736,3,1
rumbletubble,The_Donald,29889,115,1
rustycuntz,The_Donald,11151,10,1
rwleif1,The_Donald,1273,9,1
s1rp0p0,The_Donald,15522,3,1
sahil404,The_Donald,1639,19,1
sailorchubbybutt,The_Donald,26806,71,1
saintflour,The_Donald,1861,2,1
sanamijaz,The_Donald,3153,13,1
sandmanviscera,The_Donald,525,3,1
sasslfrassl45,The_Donald,3281,12,1
savewho,The_Donald,9795,32,1
sceach,The_Donald,702,5,1
sciencelord,The_Donald,3804,39,1
scouserdave,The_Donald,10700,8,1
scouserdave,unitedkingdom,240,7,2
scouserdave,OldSchoolCool,109,3,3
sdfsdfadsfasdf,The_Donald,8823,13,1
seems_legit83,The_Donald,17616,43,1
seemslegit33,The_Donald,1470,39,1
semlaw,The_Donald,6592,15,1
sendherhome22,The_Donald,6491,9,1
serverError404,The_Donald,813,9,1
shadowbananawareness,The_Donald,1624,14,1
shadowman3001,The_Donald,9876,2,1
shagwan,The_Donald,2595,8,1
shantiom91,The_Donald,7639,12,1
shitsinyoursafespace,The_Donald,54858,65,1
shortadamlewis,The_Donald,5251,24,1
shortadamlewis,politics,659,6,2
shragae,The_Donald,2906,6,1
silvershiner,The_Donald,1009,6,1
simply_shenanigans,The_Donald,2204,2,1
simtkajis,The_Donald,1362,11,1
sirylj,The_Donald,4581,77,1
six5_SMK,The_Donald,12941,10,1
sixstix,The_Donald,578,5,1
sjmarotta,The_Donald,5971,10,1
skankhunt92,The_Donald,15298,2,1
skelevator,The_Donald,1727,3,1
skylerjam,The_Donald,20052,32,1
smegmaless,The_Donald,528,13,1
smerfylicious,The_Donald,1084,7,1
snipsnapsno,The_Donald,737,12,1
snr2snt2000,The_Donald,27916,113,1
soha,The_Donald,22005,9,1
solazyme_investor,The_Donald,893,2,1
some_1_needs_a_hug,The_Donald,6308,41,1
south_florida_guy,The_Donald,2027,4,1
sp0rttraxx,The_Donald,2368,2,2
spacemonkeey,The_Donald,8116,22,1
specialguy1911,The_Donald,10921,18,1
spenbass,The_Donald,5158,8,1
spinometer,The_Donald,4125,15,1
spite79,The_Donald,11592,11,1
spudlikkr,The_Donald,1523,32,1
spunjo1221,The_Donald,8366,2,1
srshohag23,The_Donald,1027,9,1
stanxv,The_Donald,2601,2,1
stanxv,apple,2314,6,2
stanxv,TheSilphRoad,142,3,3
stanxv,politics,141,2,4
stellamonkey,The_Donald,624,19,1
stephcurrywiththe3,The_Donald,4196,36,1
stephcurrywiththe3,metacanada,136,2,2
stevenson779,The_Donald,7901,20,1
stfuusjw,The_Donald,107436,170,1
stockstar1138,The_Donald,964,8,1
stopdropnrofl,The_Donald,511,3,1
strapon1111,The_Donald,3068,7,1
streezus,The_Donald,1244,7,1
stsh22,The_Donald,2783,3,1
sublimeinslime,The_Donald,2208,4,1
substancep2,The_Donald,3310,20,1
subzer088,The_Donald,29084,2,1
sudiptok,The_Donald,501,9,1
sunnyingreenfield,The_Donald,3860,26,1
superman24742,The_Donald,510,2,1
supersaltine,The_Donald,2894,9,1
suuus9,The_Donald,17174,11,1
sw0le_patr0l,The_Donald,7178,2,1
swagcitystunna,The_Donald,41310,3,1
swagjaey,The_Donald,9343,13,1
swatmaster68,The_Donald,10578,22,1
takkat69,The_Donald,676,3,1
tall_bacon,The_Donald,1656,12,1
talmichael,The_Donald,29064,48,1
tancredi88,The_Donald,3218,5,1
tar_baby33,The_Donald,1126,20,1
tcfootball15,The_Donald,6831,7,1
tdub8706,The_Donald,2915,8,1
tdunross,The_Donald,5273,30,1
tedandlisa123,The_Donald,7556,45,1
tenhat,The_Donald,1275,12,1
terminal_hiccups,The_Donald,2325,5,1
tesseract_euler,The_Donald,7257,85,1
th9901,The_Donald,8003,16,1
that_c00l_kid,The_Donald,577,10,1
thatawsomedude3,The_Donald,5801,3,1
thatguy292,The_Donald,1961,17,1
the1spaceman,The_Donald,1047,11,1
theRealBass,The_Donald,2046,7,1
the_duck17,The_Donald,1378,2,1
theantiglobalist,The_Donald,7342,73,1
thedangerman007,The_Donald,807,2,1
theflanimal,The_Donald,912,8,1
thefuzzyfox,The_Donald,16534,48,1
thegarbagebag,The_Donald,2667,4,1
thegroovologist,The_Donald,649,5,1
thekezz,The_Donald,2448,3,1
themessias1001,The_Donald,70227,45,1
thenumbersguy1010101,The_Donald,3651,2,1
theolaw,The_Donald,11042,18,1
theonlybluecow,The_Donald,2990,4,1
thesearelies,The_Donald,13674,23,1
theshovler,The_Donald,3962,36,1
thesilversubmariner,The_Donald,1882,2,1
thevonjeff,The_Donald,933,15,1
thisguy883,The_Donald,2144,10,1
throwaway_scot_free,The_Donald,1928,4,1
throwawaynoidea1984,The_Donald,1405,8,1
thrutheveil,The_Donald,4827,8,1
thunderbert80,The_Donald,34650,51,1
tinnyminny,The_Donald,7746,16,1
tito333,The_Donald,18511,69,1
tito333,conspiracy,1152,75,2
tito333,The_DonaldUnleashed,698,113,3
tito333,AnythingGoesNews,282,50,4
tito333,worldpolitics,229,22,5
tito333,EndlessWar,223,21,6
tito333,EuropeanPeoples,163,49,7
tito333,The_Europe,160,3,8
tito333,DescentIntoTyranny,104,8,9
tjg09,The_Donald,1864,61,1
tjs31959,The_Donald,817,10,1
tnacguy1,The_Donald,12023,15,1
toastedmale,The_Donald,8059,10,1
tom__ace,The_Donald,5056,12,1
tommy-ftilas,The_Donald,2357,5,2
tookittothelimit,The_Donald,686,3,1
totallynotarobotnope,The_Donald,614,2,1
tr3k,The_Donald,8221,2,1
trainhasnobrakes,The_Donald,997,2,1
trash-80,The_Donald,9377,25,1
travorineas,The_Donald,1622,8,1
treecyprus,The_Donald,9012,2,1
tricep6,The_Donald,5429,6,1
triggerbeacon,The_Donald,765,9,1
triggermethis,sjwhate,1003,8,2
trump_45,The_Donald,16764,69,1
trump_45,The_DonaldBookclub,124,11,2
trumpets1776,The_Donald,7648,3,1
trumpweed_,politics,1846,3,1
trumpweed_,The_Donald,1759,2,2
truthbombs22,The_Donald,4960,5,1
truthrevolt,The_Donald,4704,11,1
tseanlaws,The_Donald,232993,101,1
tumbeldrie,The_Donald,860,2,1
txbanido,The_Donald,5589,3,1
tylerb100,The_Donald,872,34,1
tylerpkeaton,The_Donald,8712,6,1
uckTheSaints,The_Donald,1831,2,1
uckTheSaints,conspiracy,620,3,2
unconstrained1,The_Donald,8056,88,1
underbreit,The_Donald,2685,28,1
unripegreenbanana,The_Donald,59766,22,1
upupmma,The_Donald,2753,21,1
urmakingitupasyougo,The_Donald,14551,50,1
uteman20,The_Donald,3036,20,1
verybadsheep,The_Donald,919,2,1
vestasun,The_Donald,41589,26,1
viking1313,The_Donald,1290,2,1
vir4030,The_Donald,2379,4,1
vitaymin,The_Donald,4030,25,1
vitaymin,SubredditSimMeta,382,2,2
vitaymin,CNNmemes,121,30,6
vnsbchmn,The_Donald,8346,4,1
vonnpit,The_Donald,1442,2,1
vornash2,The_Donald,3191,16,1
vortex_pool,The_Donald,4004,17,1
vsirianni0195,The_Donald,1359,11,1
vultren,The_Donald,4152,8,1
w0rdd,Unexpected,16643,4,1
w0rdd,AnimalHeists,3887,42,2
w0rdd,The_Donald,540,5,4
w_fd,The_Donald,827,10,1
wadester007,The_Donald,1083,9,1
waingro666,The_Donald,687,13,1
walterlust,The_Donald,642,3,1
waltersdogdad,The_Donald,558,3,1
walterthedog,The_Donald,628,8,1
wambamdingadydam,The_Donald,21996,33,1
warmjazz,The_Donald,657,6,1
watamellon,The_Donald,8515,2,1
watango,The_Donald,1153,4,1
wavyca,The_Donald,2892,29,1
weaintgotnobrakes,The_Donald,963,5,1
weedlord-bonerhilter,The_Donald,572,3,1
weldongrisham,The_Donald,16169,2,1
welliguesssothen,The_Donald,787,4,1
wfmorrison169,The_Donald,812,13,1
wharfthrowaway,The_Donald,20967,162,1
whatsonnow,The_Donald,5096,41,1
wheeow,The_Donald,661,2,1
wheres_my_squirrel,The_Donald,3833,2,1
whitewolf20,The_Donald,4936,2,1
whitewolf20,pcmasterrace,1846,2,2
whocaresguy,The_Donald,691,24,1
whonosenoone,The_Donald,34696,62,1
whousedallthenames,The_Donald,32785,12,1
willdogs,The_Donald,9596,2,1
wizardofthefuture,The_Donald,14507,104,1
wmegenney,The_Donald,25590,31,1
wol,The_Donald,27010,110,1
wowkwo,The_Donald,27810,41,1
x-2y,The_Donald,1479,10,1
xExpendableYouth,The_Donald,1354,6,1
xFirstFire,The_Donald,1253,8,1
xFirstFire,WikiLeaks,768,2,2
xJossManx,The_Donald,7415,19,1
xXTheCitrusReaperXx,The_Donald,3385,7,1
xXx_Bacalhau_xXx,The_Donald,2272,2,1
xenonsupra,The_Donald,14005,5,1
xnyr21,The_Donald,4188,23,1
yankeegirl8554,The_Donald,578,3,1
yeshuatree,The_Donald,13929,6,1
youforgotA,The_Donald,1506,7,1
yourfired2016,The_Donald,2130,5,1
yourunconscious,The_Donald,5884,12,1
z89101,The_Donald,8551,128,1
zettapede,The_Donald,10228,2,1
zionvinman,The_Donald,9002,2,1
ztownbird,The_Donald,1966,5,1
zzryu,The_Donald,3104,8,1
